{"level":"info","message":"Servidor corriendo en puerto 3000","timestamp":"2025-09-26T00:27:57.477Z"}
{"level":"info","message":"Servidor corriendo en puerto 3000","timestamp":"2025-09-26T01:03:46.350Z"}
{"level":"info","message":"Servidor corriendo en puerto 3000","timestamp":"2025-09-26T01:10:15.077Z"}
{"level":"info","message":"Servidor corriendo en puerto 3000","timestamp":"2025-09-26T01:10:44.998Z"}
{"level":"info","message":"Servidor corriendo en puerto 3001","timestamp":"2025-09-26T01:12:21.642Z"}
{"level":"info","message":"Servidor corriendo en puerto 3001","timestamp":"2025-09-26T01:21:01.602Z"}
{"level":"info","message":"Servidor corriendo en puerto 3000","timestamp":"2025-09-26T01:32:31.873Z"}
{"level":"info","message":"Servidor corriendo en puerto 3000","timestamp":"2025-09-26T01:38:41.791Z"}
{"level":"info","message":"Servidor corriendo en puerto 3001","timestamp":"2025-09-26T01:38:43.999Z"}
{"level":"info","message":"Servidor corriendo en puerto 3001","timestamp":"2025-09-26T01:38:50.460Z"}
{"level":"info","message":"Servidor corriendo en puerto 3001","timestamp":"2025-09-26T01:38:56.111Z"}
{"level":"info","message":"Servidor corriendo en puerto 3001","timestamp":"2025-09-26T01:39:03.720Z"}
{"level":"info","message":"Servidor corriendo en puerto 3001","timestamp":"2025-09-26T01:39:11.316Z"}
{"level":"info","message":"Servidor corriendo en puerto 3000","timestamp":"2025-09-26T01:39:30.172Z"}
{"level":"info","message":"Servidor corriendo en puerto 3000","timestamp":"2025-09-26T01:44:03.785Z"}
{"level":"info","message":"Servidor corriendo en puerto 3000","timestamp":"2025-09-28T04:08:41.683Z"}
{"level":"info","message":"Servidor corriendo en puerto 3000","timestamp":"2025-09-29T01:16:30.460Z"}
{"level":"error","message":"Error al obtener datos de aprendices: servicioGestionAprendices.obtenerDatosAprendices is not a function","stack":"TypeError: servicioGestionAprendices.obtenerDatosAprendices is not a function\n    at obtenerDatosAprendices (C:\\Users\\PICHOLO\\Desktop\\gestion_etapa_productiva\\src\\modulos\\administrador\\controladores\\gestionAprendicesControlador.js:84:60)\n    at Layer.handle [as handle_request] (C:\\Users\\PICHOLO\\Desktop\\gestion_etapa_productiva\\node_modules\\express\\lib\\router\\layer.js:95:5)\n    at next (C:\\Users\\PICHOLO\\Desktop\\gestion_etapa_productiva\\node_modules\\express\\lib\\router\\route.js:149:13)\n    at Route.dispatch (C:\\Users\\PICHOLO\\Desktop\\gestion_etapa_productiva\\node_modules\\express\\lib\\router\\route.js:119:3)\n    at Layer.handle [as handle_request] (C:\\Users\\PICHOLO\\Desktop\\gestion_etapa_productiva\\node_modules\\express\\lib\\router\\layer.js:95:5)\n    at C:\\Users\\PICHOLO\\Desktop\\gestion_etapa_productiva\\node_modules\\express\\lib\\router\\index.js:284:15\n    at Function.process_params (C:\\Users\\PICHOLO\\Desktop\\gestion_etapa_productiva\\node_modules\\express\\lib\\router\\index.js:346:12)\n    at next (C:\\Users\\PICHOLO\\Desktop\\gestion_etapa_productiva\\node_modules\\express\\lib\\router\\index.js:280:10)\n    at Function.handle (C:\\Users\\PICHOLO\\Desktop\\gestion_etapa_productiva\\node_modules\\express\\lib\\router\\index.js:175:3)\n    at router (C:\\Users\\PICHOLO\\Desktop\\gestion_etapa_productiva\\node_modules\\express\\lib\\router\\index.js:47:12)","timestamp":"2025-09-29T01:23:43.810Z"}
{"level":"error","message":"Error al obtener datos de aprendices: servicioGestionAprendices.obtenerDatosAprendices is not a function","stack":"TypeError: servicioGestionAprendices.obtenerDatosAprendices is not a function\n    at obtenerDatosAprendices (C:\\Users\\PICHOLO\\Desktop\\gestion_etapa_productiva\\src\\modulos\\administrador\\controladores\\gestionAprendicesControlador.js:84:60)\n    at Layer.handle [as handle_request] (C:\\Users\\PICHOLO\\Desktop\\gestion_etapa_productiva\\node_modules\\express\\lib\\router\\layer.js:95:5)\n    at next (C:\\Users\\PICHOLO\\Desktop\\gestion_etapa_productiva\\node_modules\\express\\lib\\router\\route.js:149:13)\n    at Route.dispatch (C:\\Users\\PICHOLO\\Desktop\\gestion_etapa_productiva\\node_modules\\express\\lib\\router\\route.js:119:3)\n    at Layer.handle [as handle_request] (C:\\Users\\PICHOLO\\Desktop\\gestion_etapa_productiva\\node_modules\\express\\lib\\router\\layer.js:95:5)\n    at C:\\Users\\PICHOLO\\Desktop\\gestion_etapa_productiva\\node_modules\\express\\lib\\router\\index.js:284:15\n    at Function.process_params (C:\\Users\\PICHOLO\\Desktop\\gestion_etapa_productiva\\node_modules\\express\\lib\\router\\index.js:346:12)\n    at next (C:\\Users\\PICHOLO\\Desktop\\gestion_etapa_productiva\\node_modules\\express\\lib\\router\\index.js:280:10)\n    at Function.handle (C:\\Users\\PICHOLO\\Desktop\\gestion_etapa_productiva\\node_modules\\express\\lib\\router\\index.js:175:3)\n    at router (C:\\Users\\PICHOLO\\Desktop\\gestion_etapa_productiva\\node_modules\\express\\lib\\router\\index.js:47:12)","timestamp":"2025-09-29T01:24:06.858Z"}
{"level":"error","message":"Error al cargar reportes: servicioGestionAprendices.obtenerDatosReportes is not a function","stack":"TypeError: servicioGestionAprendices.obtenerDatosReportes is not a function\n    at mostrarPaginaReportes (C:\\Users\\PICHOLO\\Desktop\\gestion_etapa_productiva\\src\\modulos\\administrador\\controladores\\gestionAprendicesControlador.js:39:67)\n    at Layer.handle [as handle_request] (C:\\Users\\PICHOLO\\Desktop\\gestion_etapa_productiva\\node_modules\\express\\lib\\router\\layer.js:95:5)\n    at next (C:\\Users\\PICHOLO\\Desktop\\gestion_etapa_productiva\\node_modules\\express\\lib\\router\\route.js:149:13)\n    at Route.dispatch (C:\\Users\\PICHOLO\\Desktop\\gestion_etapa_productiva\\node_modules\\express\\lib\\router\\route.js:119:3)\n    at Layer.handle [as handle_request] (C:\\Users\\PICHOLO\\Desktop\\gestion_etapa_productiva\\node_modules\\express\\lib\\router\\layer.js:95:5)\n    at C:\\Users\\PICHOLO\\Desktop\\gestion_etapa_productiva\\node_modules\\express\\lib\\router\\index.js:284:15\n    at Function.process_params (C:\\Users\\PICHOLO\\Desktop\\gestion_etapa_productiva\\node_modules\\express\\lib\\router\\index.js:346:12)\n    at next (C:\\Users\\PICHOLO\\Desktop\\gestion_etapa_productiva\\node_modules\\express\\lib\\router\\index.js:280:10)\n    at Function.handle (C:\\Users\\PICHOLO\\Desktop\\gestion_etapa_productiva\\node_modules\\express\\lib\\router\\index.js:175:3)\n    at router (C:\\Users\\PICHOLO\\Desktop\\gestion_etapa_productiva\\node_modules\\express\\lib\\router\\index.js:47:12)","timestamp":"2025-09-29T01:24:13.279Z"}
{"level":"error","message":"Error al obtener datos de aprendices: servicioGestionAprendices.obtenerDatosAprendices is not a function","stack":"TypeError: servicioGestionAprendices.obtenerDatosAprendices is not a function\n    at obtenerDatosAprendices (C:\\Users\\PICHOLO\\Desktop\\gestion_etapa_productiva\\src\\modulos\\administrador\\controladores\\gestionAprendicesControlador.js:84:60)\n    at Layer.handle [as handle_request] (C:\\Users\\PICHOLO\\Desktop\\gestion_etapa_productiva\\node_modules\\express\\lib\\router\\layer.js:95:5)\n    at next (C:\\Users\\PICHOLO\\Desktop\\gestion_etapa_productiva\\node_modules\\express\\lib\\router\\route.js:149:13)\n    at Route.dispatch (C:\\Users\\PICHOLO\\Desktop\\gestion_etapa_productiva\\node_modules\\express\\lib\\router\\route.js:119:3)\n    at Layer.handle [as handle_request] (C:\\Users\\PICHOLO\\Desktop\\gestion_etapa_productiva\\node_modules\\express\\lib\\router\\layer.js:95:5)\n    at C:\\Users\\PICHOLO\\Desktop\\gestion_etapa_productiva\\node_modules\\express\\lib\\router\\index.js:284:15\n    at Function.process_params (C:\\Users\\PICHOLO\\Desktop\\gestion_etapa_productiva\\node_modules\\express\\lib\\router\\index.js:346:12)\n    at next (C:\\Users\\PICHOLO\\Desktop\\gestion_etapa_productiva\\node_modules\\express\\lib\\router\\index.js:280:10)\n    at Function.handle (C:\\Users\\PICHOLO\\Desktop\\gestion_etapa_productiva\\node_modules\\express\\lib\\router\\index.js:175:3)\n    at router (C:\\Users\\PICHOLO\\Desktop\\gestion_etapa_productiva\\node_modules\\express\\lib\\router\\index.js:47:12)","timestamp":"2025-09-29T01:24:22.776Z"}
{"level":"info","message":"Servidor corriendo en puerto 3000","timestamp":"2025-09-29T01:26:34.838Z"}
{"level":"info","message":"Servidor corriendo en puerto 3000","timestamp":"2025-09-29T01:50:30.934Z"}
{"level":"info","message":"Servidor corriendo en puerto 3000","timestamp":"2025-09-29T02:06:13.899Z"}
{"level":"info","message":"Servidor corriendo en puerto 3000","timestamp":"2025-09-29T23:07:11.071Z"}
{"level":"info","message":"Servidor corriendo en puerto 3000","timestamp":"2025-09-30T01:17:16.763Z"}
{"level":"info","message":"Servidor corriendo en puerto 3000","timestamp":"2025-09-30T01:42:10.993Z"}
{"level":"info","message":"Servidor corriendo en puerto 3000","timestamp":"2025-09-30T01:50:59.523Z"}
{"level":"info","message":"Servidor corriendo en puerto 3000","timestamp":"2025-09-30T01:53:11.343Z"}
{"level":"info","message":"Servidor corriendo en puerto 3000","timestamp":"2025-09-30T01:54:29.155Z"}
{"level":"info","message":"Servidor corriendo en puerto 3000","timestamp":"2025-09-30T01:54:48.183Z"}
{"level":"info","message":"Servidor corriendo en puerto 3000","timestamp":"2025-09-30T01:55:05.930Z"}
{"level":"info","message":"Servidor corriendo en puerto 3000","timestamp":"2025-09-30T01:55:14.904Z"}
{"level":"info","message":"Servidor corriendo en puerto 3000","timestamp":"2025-09-30T01:55:23.796Z"}
{"level":"info","message":"Servidor corriendo en puerto 3000","timestamp":"2025-09-30T01:55:57.134Z"}
{"level":"info","message":"Servidor corriendo en puerto 3000","timestamp":"2025-09-30T01:56:06.372Z"}
{"level":"info","message":"Servidor corriendo en puerto 3000","timestamp":"2025-09-30T01:56:15.985Z"}
{"level":"info","message":"Servidor corriendo en puerto 3000","timestamp":"2025-09-30T01:56:25.579Z"}
{"level":"info","message":"Servidor corriendo en puerto 3000","timestamp":"2025-09-30T01:56:37.246Z"}
{"level":"info","message":"Servidor corriendo en puerto 3000","timestamp":"2025-09-30T01:57:04.773Z"}
{"level":"info","message":"Servidor corriendo en puerto 3000","timestamp":"2025-09-30T01:57:15.019Z"}
{"level":"info","message":"Servidor corriendo en puerto 3000","timestamp":"2025-09-30T01:57:24.910Z"}
{"level":"info","message":"Servidor corriendo en puerto 3000","timestamp":"2025-09-30T01:57:35.024Z"}
{"level":"info","message":"Servidor corriendo en puerto 3000","timestamp":"2025-09-30T01:57:45.368Z"}
{"level":"info","message":"Servidor corriendo en puerto 3000","timestamp":"2025-09-30T01:57:56.542Z"}
{"level":"info","message":"Servidor corriendo en puerto 3000","timestamp":"2025-09-30T01:58:08.706Z"}
{"level":"info","message":"Servidor corriendo en puerto 3000","timestamp":"2025-09-30T02:04:28.351Z"}
{"level":"info","message":"Servidor corriendo en puerto 3000","timestamp":"2025-09-30T02:38:16.650Z"}
{"level":"info","message":"Servidor corriendo en puerto 3000","timestamp":"2025-09-30T02:40:59.201Z"}
{"level":"info","message":"Servidor corriendo en puerto 3000","timestamp":"2025-09-30T02:50:55.235Z"}
{"level":"info","message":"Servidor corriendo en puerto 3000","timestamp":"2025-09-30T02:55:51.673Z"}
{"level":"info","message":"Servidor corriendo en puerto 3000","timestamp":"2025-09-30T02:56:28.114Z"}
{"level":"info","message":"Servidor corriendo en puerto 3000","timestamp":"2025-09-30T03:02:22.354Z"}
{"level":"info","message":"Servidor corriendo en puerto 3000","timestamp":"2025-09-30T03:05:37.852Z"}
{"level":"info","message":"Servidor corriendo en puerto 3000","timestamp":"2025-09-30T03:05:46.144Z"}
{"level":"info","message":"Servidor corriendo en puerto 3000","timestamp":"2025-09-30T03:05:56.287Z"}
{"level":"info","message":"Servidor corriendo en puerto 3000","timestamp":"2025-09-30T03:06:13.371Z"}
{"level":"info","message":"Servidor corriendo en puerto 3000","timestamp":"2025-09-30T03:08:20.915Z"}
{"level":"info","message":"Servidor corriendo en puerto 3000","timestamp":"2025-09-30T03:08:39.485Z"}
{"level":"info","message":"Servidor corriendo en puerto 3000","timestamp":"2025-09-30T03:17:07.989Z"}
{"level":"info","message":"Servidor corriendo en puerto 3000","timestamp":"2025-09-30T03:17:58.685Z"}
{"level":"info","message":"Servidor corriendo en puerto 3000","timestamp":"2025-09-30T03:24:08.131Z"}
{"level":"info","message":"Servidor corriendo en puerto 3000","timestamp":"2025-09-30T03:26:48.622Z"}
{"level":"info","message":"Servidor corriendo en puerto 3000","timestamp":"2025-09-30T03:26:58.144Z"}
{"level":"info","message":"Servidor corriendo en puerto 3000","timestamp":"2025-09-30T03:27:05.278Z"}
{"level":"info","message":"Servidor corriendo en puerto 3000","timestamp":"2025-09-30T03:32:13.818Z"}
{"level":"info","message":"Servidor corriendo en puerto 3000","timestamp":"2025-09-30T03:32:21.241Z"}
{"level":"info","message":"Servidor corriendo en puerto 3000","timestamp":"2025-09-30T03:32:29.140Z"}
{"level":"info","message":"Servidor corriendo en puerto 3000","timestamp":"2025-09-30T03:40:09.847Z"}
{"level":"info","message":"Servidor corriendo en puerto 3000","timestamp":"2025-09-30T03:40:17.286Z"}
{"level":"info","message":"Servidor corriendo en puerto 3000","timestamp":"2025-09-30T03:40:30.411Z"}
{"level":"info","message":"Servidor corriendo en puerto 3000","timestamp":"2025-09-30T03:45:09.423Z"}
{"level":"info","message":"Servidor corriendo en puerto 3000","timestamp":"2025-09-30T04:00:18.747Z"}
{"level":"info","message":"Servidor corriendo en puerto 3000","timestamp":"2025-09-30T22:19:59.914Z"}
{"level":"info","message":"Servidor corriendo en puerto 3000","timestamp":"2025-09-30T22:30:41.552Z"}
{"level":"info","message":"Servidor corriendo en puerto 3000","timestamp":"2025-09-30T23:26:42.939Z"}
{"level":"info","message":"Servidor corriendo en puerto 3000","timestamp":"2025-09-30T23:46:48.456Z"}
{"level":"info","message":"Servidor corriendo en puerto 3000","timestamp":"2025-09-30T23:49:10.118Z"}
{"level":"info","message":"Servidor corriendo en puerto 3000","timestamp":"2025-09-30T23:53:20.188Z"}
{"level":"info","message":"Servidor corriendo en puerto 3000","timestamp":"2025-09-30T23:53:35.176Z"}
{"level":"info","message":"Servidor corriendo en puerto 3000","timestamp":"2025-09-30T23:54:24.866Z"}
{"level":"info","message":"Servidor corriendo en puerto 3000","timestamp":"2025-09-30T23:55:27.151Z"}
{"level":"info","message":"Servidor corriendo en puerto 3000","timestamp":"2025-10-01T00:02:10.724Z"}
{"level":"info","message":"Servidor corriendo en puerto 3000","timestamp":"2025-10-01T00:02:18.857Z"}
{"level":"info","message":"Servidor corriendo en puerto 3000","timestamp":"2025-10-01T00:03:10.100Z"}
{"level":"info","message":"Servidor corriendo en puerto 3000","timestamp":"2025-10-01T00:06:43.602Z"}
{"level":"info","message":"Servidor corriendo en puerto 3000","timestamp":"2025-10-01T00:07:02.106Z"}
{"level":"info","message":"Servidor corriendo en puerto 3000","timestamp":"2025-10-01T00:07:11.567Z"}
{"level":"info","message":"Servidor corriendo en puerto 3000","timestamp":"2025-10-01T00:17:06.495Z"}
{"level":"info","message":"Servidor corriendo en puerto 3000","timestamp":"2025-10-01T00:19:26.767Z"}
{"level":"info","message":"Servidor corriendo en puerto 3000","timestamp":"2025-10-01T00:28:25.282Z"}
{"level":"info","message":"Servidor corriendo en puerto 3000","timestamp":"2025-10-01T00:45:03.087Z"}
{"level":"info","message":"Servidor corriendo en puerto 3000","timestamp":"2025-10-01T00:45:41.367Z"}
{"level":"info","message":"Servidor corriendo en puerto 3000","timestamp":"2025-10-01T00:47:46.969Z"}
{"level":"info","message":"Servidor corriendo en puerto 3000","timestamp":"2025-10-01T01:06:21.681Z"}
{"level":"info","message":"Servidor corriendo en puerto 3000","timestamp":"2025-10-01T03:17:59.588Z"}
{"level":"info","message":"Servidor corriendo en puerto 3000","timestamp":"2025-10-01T03:43:14.148Z"}
{"level":"info","message":"Servidor corriendo en puerto 3000","timestamp":"2025-10-01T22:20:28.473Z"}
{"level":"info","message":"Servidor corriendo en puerto 3000","timestamp":"2025-10-01T22:39:42.913Z"}
{"level":"info","message":"Servidor corriendo en puerto 3000","timestamp":"2025-10-01T22:39:48.481Z"}
{"level":"info","message":"Servidor corriendo en puerto 3000","timestamp":"2025-10-01T22:39:57.755Z"}
{"level":"info","message":"Servidor corriendo en puerto 3000","timestamp":"2025-10-01T22:45:26.133Z"}
{"level":"info","message":"Servidor corriendo en puerto 3000","timestamp":"2025-10-01T22:45:36.681Z"}
{"level":"info","message":"Servidor corriendo en puerto 3000","timestamp":"2025-10-01T22:45:44.050Z"}
{"level":"info","message":"Servidor corriendo en puerto 3000","timestamp":"2025-10-01T23:12:01.380Z"}
{"level":"info","message":"Servidor corriendo en puerto 3000","timestamp":"2025-10-01T23:24:59.572Z"}
{"level":"info","message":"Servidor corriendo en puerto 3000","timestamp":"2025-10-01T23:25:07.012Z"}
{"level":"info","message":"Servidor corriendo en puerto 3000","timestamp":"2025-10-01T23:25:13.820Z"}
{"level":"info","message":"Servidor corriendo en puerto 3000","timestamp":"2025-10-01T23:25:21.133Z"}
{"level":"info","message":"Servidor corriendo en puerto 3000","timestamp":"2025-10-01T23:25:28.141Z"}
{"level":"info","message":"Servidor corriendo en puerto 3000","timestamp":"2025-10-01T23:25:35.585Z"}
{"level":"info","message":"Servidor corriendo en puerto 3000","timestamp":"2025-10-01T23:25:43.260Z"}
{"level":"info","message":"Servidor corriendo en puerto 3000","timestamp":"2025-10-01T23:25:50.658Z"}
{"level":"info","message":"Servidor corriendo en puerto 3000","timestamp":"2025-10-01T23:35:40.525Z"}
{"code":"ER_SP_DOES_NOT_EXIST","errno":1305,"level":"error","message":"Error al obtener datos para reportes: PROCEDURE sena_etapa_productiva.sp_cumplimiento_documentos does not exist","sql":"CALL sp_cumplimiento_documentos()","sqlMessage":"PROCEDURE sena_etapa_productiva.sp_cumplimiento_documentos does not exist","sqlState":"42000","stack":"Error: PROCEDURE sena_etapa_productiva.sp_cumplimiento_documentos does not exist\n    at PromisePool.execute (C:\\Users\\PICHOLO\\Desktop\\gestion_etapa_productiva\\node_modules\\mysql2\\promise.js:374:22)\n    at C:\\Users\\PICHOLO\\Desktop\\gestion_etapa_productiva\\src\\modulos\\administrador\\servicios\\servicioGestionAprendices.js:235:55\n    at process.processTicksAndRejections (node:internal/process/task_queues:105:5)\n    at async Object.getOrSet (C:\\Users\\PICHOLO\\Desktop\\gestion_etapa_productiva\\src\\configuracion\\cache.js:115:23)\n    at async ServicioGestionAprendices.obtenerDatosReportes (C:\\Users\\PICHOLO\\Desktop\\gestion_etapa_productiva\\src\\modulos\\administrador\\servicios\\servicioGestionAprendices.js:208:28)\n    at async mostrarPaginaReportes (C:\\Users\\PICHOLO\\Desktop\\gestion_etapa_productiva\\src\\modulos\\administrador\\controladores\\gestionAprendicesControlador.js:40:35)","timestamp":"2025-10-01T23:38:43.151Z"}
{"code":"ER_SP_DOES_NOT_EXIST","errno":1305,"level":"error","message":"Error al cargar reportes: PROCEDURE sena_etapa_productiva.sp_cumplimiento_documentos does not exist","sql":"CALL sp_cumplimiento_documentos()","sqlMessage":"PROCEDURE sena_etapa_productiva.sp_cumplimiento_documentos does not exist","sqlState":"42000","stack":"Error: PROCEDURE sena_etapa_productiva.sp_cumplimiento_documentos does not exist\n    at PromisePool.execute (C:\\Users\\PICHOLO\\Desktop\\gestion_etapa_productiva\\node_modules\\mysql2\\promise.js:374:22)\n    at C:\\Users\\PICHOLO\\Desktop\\gestion_etapa_productiva\\src\\modulos\\administrador\\servicios\\servicioGestionAprendices.js:235:55\n    at process.processTicksAndRejections (node:internal/process/task_queues:105:5)\n    at async Object.getOrSet (C:\\Users\\PICHOLO\\Desktop\\gestion_etapa_productiva\\src\\configuracion\\cache.js:115:23)\n    at async ServicioGestionAprendices.obtenerDatosReportes (C:\\Users\\PICHOLO\\Desktop\\gestion_etapa_productiva\\src\\modulos\\administrador\\servicios\\servicioGestionAprendices.js:208:28)\n    at async mostrarPaginaReportes (C:\\Users\\PICHOLO\\Desktop\\gestion_etapa_productiva\\src\\modulos\\administrador\\controladores\\gestionAprendicesControlador.js:40:35)","timestamp":"2025-10-01T23:38:43.154Z"}
{"level":"info","message":"Servidor corriendo en puerto 3000","timestamp":"2025-10-01T23:43:07.386Z"}
{"code":"ER_SP_DOES_NOT_EXIST","errno":1305,"level":"error","message":"Error al obtener datos para reportes: PROCEDURE sena_etapa_productiva.sp_cumplimiento_documentos does not exist","sql":"CALL sp_cumplimiento_documentos()","sqlMessage":"PROCEDURE sena_etapa_productiva.sp_cumplimiento_documentos does not exist","sqlState":"42000","stack":"Error: PROCEDURE sena_etapa_productiva.sp_cumplimiento_documentos does not exist\n    at PromisePool.execute (C:\\Users\\PICHOLO\\Desktop\\gestion_etapa_productiva\\node_modules\\mysql2\\promise.js:374:22)\n    at C:\\Users\\PICHOLO\\Desktop\\gestion_etapa_productiva\\src\\modulos\\administrador\\servicios\\servicioGestionAprendices.js:235:55\n    at process.processTicksAndRejections (node:internal/process/task_queues:105:5)\n    at async Object.getOrSet (C:\\Users\\PICHOLO\\Desktop\\gestion_etapa_productiva\\src\\configuracion\\cache.js:115:23)\n    at async ServicioGestionAprendices.obtenerDatosReportes (C:\\Users\\PICHOLO\\Desktop\\gestion_etapa_productiva\\src\\modulos\\administrador\\servicios\\servicioGestionAprendices.js:208:28)\n    at async mostrarPaginaReportes (C:\\Users\\PICHOLO\\Desktop\\gestion_etapa_productiva\\src\\modulos\\administrador\\controladores\\gestionAprendicesControlador.js:40:35)","timestamp":"2025-10-01T23:43:12.869Z"}
{"code":"ER_SP_DOES_NOT_EXIST","errno":1305,"level":"error","message":"Error al cargar reportes: PROCEDURE sena_etapa_productiva.sp_cumplimiento_documentos does not exist","sql":"CALL sp_cumplimiento_documentos()","sqlMessage":"PROCEDURE sena_etapa_productiva.sp_cumplimiento_documentos does not exist","sqlState":"42000","stack":"Error: PROCEDURE sena_etapa_productiva.sp_cumplimiento_documentos does not exist\n    at PromisePool.execute (C:\\Users\\PICHOLO\\Desktop\\gestion_etapa_productiva\\node_modules\\mysql2\\promise.js:374:22)\n    at C:\\Users\\PICHOLO\\Desktop\\gestion_etapa_productiva\\src\\modulos\\administrador\\servicios\\servicioGestionAprendices.js:235:55\n    at process.processTicksAndRejections (node:internal/process/task_queues:105:5)\n    at async Object.getOrSet (C:\\Users\\PICHOLO\\Desktop\\gestion_etapa_productiva\\src\\configuracion\\cache.js:115:23)\n    at async ServicioGestionAprendices.obtenerDatosReportes (C:\\Users\\PICHOLO\\Desktop\\gestion_etapa_productiva\\src\\modulos\\administrador\\servicios\\servicioGestionAprendices.js:208:28)\n    at async mostrarPaginaReportes (C:\\Users\\PICHOLO\\Desktop\\gestion_etapa_productiva\\src\\modulos\\administrador\\controladores\\gestionAprendicesControlador.js:40:35)","timestamp":"2025-10-01T23:43:12.874Z"}
{"level":"info","message":"Servidor corriendo en puerto 3000","timestamp":"2025-10-01T23:44:09.346Z"}
{"level":"info","message":"Servidor corriendo en puerto 3000","timestamp":"2025-10-01T23:48:15.836Z"}
{"level":"info","message":"Servidor corriendo en puerto 3000","timestamp":"2025-10-02T00:09:18.210Z"}
{"code":"ER_SP_DOES_NOT_EXIST","errno":1305,"level":"error","message":"Error al obtener datos para reportes: PROCEDURE sena_etapa_productiva.sp_cumplimiento_documentos does not exist","sql":"CALL sp_cumplimiento_documentos()","sqlMessage":"PROCEDURE sena_etapa_productiva.sp_cumplimiento_documentos does not exist","sqlState":"42000","stack":"Error: PROCEDURE sena_etapa_productiva.sp_cumplimiento_documentos does not exist\n    at PromisePool.execute (C:\\Users\\PICHOLO\\Desktop\\gestion_etapa_productiva\\node_modules\\mysql2\\promise.js:374:22)\n    at C:\\Users\\PICHOLO\\Desktop\\gestion_etapa_productiva\\src\\modulos\\administrador\\servicios\\servicioGestionAprendices.js:235:55\n    at process.processTicksAndRejections (node:internal/process/task_queues:105:5)\n    at async Object.getOrSet (C:\\Users\\PICHOLO\\Desktop\\gestion_etapa_productiva\\src\\configuracion\\cache.js:115:23)\n    at async ServicioGestionAprendices.obtenerDatosReportes (C:\\Users\\PICHOLO\\Desktop\\gestion_etapa_productiva\\src\\modulos\\administrador\\servicios\\servicioGestionAprendices.js:208:28)\n    at async mostrarPaginaReportes (C:\\Users\\PICHOLO\\Desktop\\gestion_etapa_productiva\\src\\modulos\\administrador\\controladores\\gestionAprendicesControlador.js:40:35)","timestamp":"2025-10-02T00:09:21.518Z"}
{"code":"ER_SP_DOES_NOT_EXIST","errno":1305,"level":"error","message":"Error al cargar reportes: PROCEDURE sena_etapa_productiva.sp_cumplimiento_documentos does not exist","sql":"CALL sp_cumplimiento_documentos()","sqlMessage":"PROCEDURE sena_etapa_productiva.sp_cumplimiento_documentos does not exist","sqlState":"42000","stack":"Error: PROCEDURE sena_etapa_productiva.sp_cumplimiento_documentos does not exist\n    at PromisePool.execute (C:\\Users\\PICHOLO\\Desktop\\gestion_etapa_productiva\\node_modules\\mysql2\\promise.js:374:22)\n    at C:\\Users\\PICHOLO\\Desktop\\gestion_etapa_productiva\\src\\modulos\\administrador\\servicios\\servicioGestionAprendices.js:235:55\n    at process.processTicksAndRejections (node:internal/process/task_queues:105:5)\n    at async Object.getOrSet (C:\\Users\\PICHOLO\\Desktop\\gestion_etapa_productiva\\src\\configuracion\\cache.js:115:23)\n    at async ServicioGestionAprendices.obtenerDatosReportes (C:\\Users\\PICHOLO\\Desktop\\gestion_etapa_productiva\\src\\modulos\\administrador\\servicios\\servicioGestionAprendices.js:208:28)\n    at async mostrarPaginaReportes (C:\\Users\\PICHOLO\\Desktop\\gestion_etapa_productiva\\src\\modulos\\administrador\\controladores\\gestionAprendicesControlador.js:40:35)","timestamp":"2025-10-02T00:09:21.520Z"}
{"code":"ER_SP_DOES_NOT_EXIST","errno":1305,"level":"error","message":"Error al obtener datos para reportes: PROCEDURE sena_etapa_productiva.sp_cumplimiento_documentos does not exist","sql":"CALL sp_cumplimiento_documentos()","sqlMessage":"PROCEDURE sena_etapa_productiva.sp_cumplimiento_documentos does not exist","sqlState":"42000","stack":"Error: PROCEDURE sena_etapa_productiva.sp_cumplimiento_documentos does not exist\n    at PromisePool.execute (C:\\Users\\PICHOLO\\Desktop\\gestion_etapa_productiva\\node_modules\\mysql2\\promise.js:374:22)\n    at C:\\Users\\PICHOLO\\Desktop\\gestion_etapa_productiva\\src\\modulos\\administrador\\servicios\\servicioGestionAprendices.js:235:55\n    at process.processTicksAndRejections (node:internal/process/task_queues:105:5)\n    at async Object.getOrSet (C:\\Users\\PICHOLO\\Desktop\\gestion_etapa_productiva\\src\\configuracion\\cache.js:115:23)\n    at async ServicioGestionAprendices.obtenerDatosReportes (C:\\Users\\PICHOLO\\Desktop\\gestion_etapa_productiva\\src\\modulos\\administrador\\servicios\\servicioGestionAprendices.js:208:28)\n    at async mostrarPaginaReportes (C:\\Users\\PICHOLO\\Desktop\\gestion_etapa_productiva\\src\\modulos\\administrador\\controladores\\gestionAprendicesControlador.js:40:35)","timestamp":"2025-10-02T00:09:29.818Z"}
{"code":"ER_SP_DOES_NOT_EXIST","errno":1305,"level":"error","message":"Error al cargar reportes: PROCEDURE sena_etapa_productiva.sp_cumplimiento_documentos does not exist","sql":"CALL sp_cumplimiento_documentos()","sqlMessage":"PROCEDURE sena_etapa_productiva.sp_cumplimiento_documentos does not exist","sqlState":"42000","stack":"Error: PROCEDURE sena_etapa_productiva.sp_cumplimiento_documentos does not exist\n    at PromisePool.execute (C:\\Users\\PICHOLO\\Desktop\\gestion_etapa_productiva\\node_modules\\mysql2\\promise.js:374:22)\n    at C:\\Users\\PICHOLO\\Desktop\\gestion_etapa_productiva\\src\\modulos\\administrador\\servicios\\servicioGestionAprendices.js:235:55\n    at process.processTicksAndRejections (node:internal/process/task_queues:105:5)\n    at async Object.getOrSet (C:\\Users\\PICHOLO\\Desktop\\gestion_etapa_productiva\\src\\configuracion\\cache.js:115:23)\n    at async ServicioGestionAprendices.obtenerDatosReportes (C:\\Users\\PICHOLO\\Desktop\\gestion_etapa_productiva\\src\\modulos\\administrador\\servicios\\servicioGestionAprendices.js:208:28)\n    at async mostrarPaginaReportes (C:\\Users\\PICHOLO\\Desktop\\gestion_etapa_productiva\\src\\modulos\\administrador\\controladores\\gestionAprendicesControlador.js:40:35)","timestamp":"2025-10-02T00:09:29.820Z"}
{"code":"ER_SP_DOES_NOT_EXIST","errno":1305,"level":"error","message":"Error al obtener datos para reportes: PROCEDURE sena_etapa_productiva.sp_cumplimiento_documentos does not exist","sql":"CALL sp_cumplimiento_documentos()","sqlMessage":"PROCEDURE sena_etapa_productiva.sp_cumplimiento_documentos does not exist","sqlState":"42000","stack":"Error: PROCEDURE sena_etapa_productiva.sp_cumplimiento_documentos does not exist\n    at PromisePool.execute (C:\\Users\\PICHOLO\\Desktop\\gestion_etapa_productiva\\node_modules\\mysql2\\promise.js:374:22)\n    at C:\\Users\\PICHOLO\\Desktop\\gestion_etapa_productiva\\src\\modulos\\administrador\\servicios\\servicioGestionAprendices.js:235:55\n    at process.processTicksAndRejections (node:internal/process/task_queues:105:5)\n    at async Object.getOrSet (C:\\Users\\PICHOLO\\Desktop\\gestion_etapa_productiva\\src\\configuracion\\cache.js:115:23)\n    at async ServicioGestionAprendices.obtenerDatosReportes (C:\\Users\\PICHOLO\\Desktop\\gestion_etapa_productiva\\src\\modulos\\administrador\\servicios\\servicioGestionAprendices.js:208:28)\n    at async mostrarPaginaReportes (C:\\Users\\PICHOLO\\Desktop\\gestion_etapa_productiva\\src\\modulos\\administrador\\controladores\\gestionAprendicesControlador.js:40:35)","timestamp":"2025-10-02T00:10:00.285Z"}
{"code":"ER_SP_DOES_NOT_EXIST","errno":1305,"level":"error","message":"Error al cargar reportes: PROCEDURE sena_etapa_productiva.sp_cumplimiento_documentos does not exist","sql":"CALL sp_cumplimiento_documentos()","sqlMessage":"PROCEDURE sena_etapa_productiva.sp_cumplimiento_documentos does not exist","sqlState":"42000","stack":"Error: PROCEDURE sena_etapa_productiva.sp_cumplimiento_documentos does not exist\n    at PromisePool.execute (C:\\Users\\PICHOLO\\Desktop\\gestion_etapa_productiva\\node_modules\\mysql2\\promise.js:374:22)\n    at C:\\Users\\PICHOLO\\Desktop\\gestion_etapa_productiva\\src\\modulos\\administrador\\servicios\\servicioGestionAprendices.js:235:55\n    at process.processTicksAndRejections (node:internal/process/task_queues:105:5)\n    at async Object.getOrSet (C:\\Users\\PICHOLO\\Desktop\\gestion_etapa_productiva\\src\\configuracion\\cache.js:115:23)\n    at async ServicioGestionAprendices.obtenerDatosReportes (C:\\Users\\PICHOLO\\Desktop\\gestion_etapa_productiva\\src\\modulos\\administrador\\servicios\\servicioGestionAprendices.js:208:28)\n    at async mostrarPaginaReportes (C:\\Users\\PICHOLO\\Desktop\\gestion_etapa_productiva\\src\\modulos\\administrador\\controladores\\gestionAprendicesControlador.js:40:35)","timestamp":"2025-10-02T00:10:00.286Z"}
{"code":"ER_SP_DOES_NOT_EXIST","errno":1305,"level":"error","message":"Error al obtener datos para reportes: PROCEDURE sena_etapa_productiva.sp_cumplimiento_documentos does not exist","sql":"CALL sp_cumplimiento_documentos()","sqlMessage":"PROCEDURE sena_etapa_productiva.sp_cumplimiento_documentos does not exist","sqlState":"42000","stack":"Error: PROCEDURE sena_etapa_productiva.sp_cumplimiento_documentos does not exist\n    at PromisePool.execute (C:\\Users\\PICHOLO\\Desktop\\gestion_etapa_productiva\\node_modules\\mysql2\\promise.js:374:22)\n    at C:\\Users\\PICHOLO\\Desktop\\gestion_etapa_productiva\\src\\modulos\\administrador\\servicios\\servicioGestionAprendices.js:235:55\n    at process.processTicksAndRejections (node:internal/process/task_queues:105:5)\n    at async Object.getOrSet (C:\\Users\\PICHOLO\\Desktop\\gestion_etapa_productiva\\src\\configuracion\\cache.js:115:23)\n    at async ServicioGestionAprendices.obtenerDatosReportes (C:\\Users\\PICHOLO\\Desktop\\gestion_etapa_productiva\\src\\modulos\\administrador\\servicios\\servicioGestionAprendices.js:208:28)\n    at async mostrarPaginaReportes (C:\\Users\\PICHOLO\\Desktop\\gestion_etapa_productiva\\src\\modulos\\administrador\\controladores\\gestionAprendicesControlador.js:40:35)","timestamp":"2025-10-02T00:10:08.676Z"}
{"code":"ER_SP_DOES_NOT_EXIST","errno":1305,"level":"error","message":"Error al cargar reportes: PROCEDURE sena_etapa_productiva.sp_cumplimiento_documentos does not exist","sql":"CALL sp_cumplimiento_documentos()","sqlMessage":"PROCEDURE sena_etapa_productiva.sp_cumplimiento_documentos does not exist","sqlState":"42000","stack":"Error: PROCEDURE sena_etapa_productiva.sp_cumplimiento_documentos does not exist\n    at PromisePool.execute (C:\\Users\\PICHOLO\\Desktop\\gestion_etapa_productiva\\node_modules\\mysql2\\promise.js:374:22)\n    at C:\\Users\\PICHOLO\\Desktop\\gestion_etapa_productiva\\src\\modulos\\administrador\\servicios\\servicioGestionAprendices.js:235:55\n    at process.processTicksAndRejections (node:internal/process/task_queues:105:5)\n    at async Object.getOrSet (C:\\Users\\PICHOLO\\Desktop\\gestion_etapa_productiva\\src\\configuracion\\cache.js:115:23)\n    at async ServicioGestionAprendices.obtenerDatosReportes (C:\\Users\\PICHOLO\\Desktop\\gestion_etapa_productiva\\src\\modulos\\administrador\\servicios\\servicioGestionAprendices.js:208:28)\n    at async mostrarPaginaReportes (C:\\Users\\PICHOLO\\Desktop\\gestion_etapa_productiva\\src\\modulos\\administrador\\controladores\\gestionAprendicesControlador.js:40:35)","timestamp":"2025-10-02T00:10:08.677Z"}
{"code":"ER_SP_DOES_NOT_EXIST","errno":1305,"level":"error","message":"Error al obtener datos para reportes: PROCEDURE sena_etapa_productiva.sp_cumplimiento_documentos does not exist","sql":"CALL sp_cumplimiento_documentos()","sqlMessage":"PROCEDURE sena_etapa_productiva.sp_cumplimiento_documentos does not exist","sqlState":"42000","stack":"Error: PROCEDURE sena_etapa_productiva.sp_cumplimiento_documentos does not exist\n    at PromisePool.execute (C:\\Users\\PICHOLO\\Desktop\\gestion_etapa_productiva\\node_modules\\mysql2\\promise.js:374:22)\n    at C:\\Users\\PICHOLO\\Desktop\\gestion_etapa_productiva\\src\\modulos\\administrador\\servicios\\servicioGestionAprendices.js:235:55\n    at process.processTicksAndRejections (node:internal/process/task_queues:105:5)\n    at async Object.getOrSet (C:\\Users\\PICHOLO\\Desktop\\gestion_etapa_productiva\\src\\configuracion\\cache.js:115:23)\n    at async ServicioGestionAprendices.obtenerDatosReportes (C:\\Users\\PICHOLO\\Desktop\\gestion_etapa_productiva\\src\\modulos\\administrador\\servicios\\servicioGestionAprendices.js:208:28)\n    at async mostrarPaginaReportes (C:\\Users\\PICHOLO\\Desktop\\gestion_etapa_productiva\\src\\modulos\\administrador\\controladores\\gestionAprendicesControlador.js:40:35)","timestamp":"2025-10-02T00:10:12.540Z"}
{"code":"ER_SP_DOES_NOT_EXIST","errno":1305,"level":"error","message":"Error al cargar reportes: PROCEDURE sena_etapa_productiva.sp_cumplimiento_documentos does not exist","sql":"CALL sp_cumplimiento_documentos()","sqlMessage":"PROCEDURE sena_etapa_productiva.sp_cumplimiento_documentos does not exist","sqlState":"42000","stack":"Error: PROCEDURE sena_etapa_productiva.sp_cumplimiento_documentos does not exist\n    at PromisePool.execute (C:\\Users\\PICHOLO\\Desktop\\gestion_etapa_productiva\\node_modules\\mysql2\\promise.js:374:22)\n    at C:\\Users\\PICHOLO\\Desktop\\gestion_etapa_productiva\\src\\modulos\\administrador\\servicios\\servicioGestionAprendices.js:235:55\n    at process.processTicksAndRejections (node:internal/process/task_queues:105:5)\n    at async Object.getOrSet (C:\\Users\\PICHOLO\\Desktop\\gestion_etapa_productiva\\src\\configuracion\\cache.js:115:23)\n    at async ServicioGestionAprendices.obtenerDatosReportes (C:\\Users\\PICHOLO\\Desktop\\gestion_etapa_productiva\\src\\modulos\\administrador\\servicios\\servicioGestionAprendices.js:208:28)\n    at async mostrarPaginaReportes (C:\\Users\\PICHOLO\\Desktop\\gestion_etapa_productiva\\src\\modulos\\administrador\\controladores\\gestionAprendicesControlador.js:40:35)","timestamp":"2025-10-02T00:10:12.542Z"}
{"level":"info","message":"Servidor corriendo en puerto 3000","timestamp":"2025-10-02T00:11:18.645Z"}
{"level":"info","message":"Servidor corriendo en puerto 3000","timestamp":"2025-10-02T01:21:36.691Z"}
{"level":"info","message":"Servidor corriendo en puerto 3000","timestamp":"2025-10-02T20:32:06.636Z"}
{"level":"info","message":"Servidor corriendo en puerto 3000","timestamp":"2025-10-02T21:02:46.463Z"}
{"level":"info","message":"Servidor corriendo en puerto 3000","timestamp":"2025-10-02T21:02:51.104Z"}
{"level":"info","message":"Servidor corriendo en puerto 3000","timestamp":"2025-10-02T22:39:39.118Z"}
{"level":"info","message":"Servidor corriendo en puerto 3000","timestamp":"2025-10-03T01:00:50.668Z"}
{"level":"info","message":"Servidor corriendo en puerto 3000","timestamp":"2025-10-03T01:40:30.163Z"}
{"level":"info","message":"Servidor corriendo en puerto 3000","timestamp":"2025-10-03T15:49:10.309Z"}
{"level":"info","message":"Servidor corriendo en puerto 3000","timestamp":"2025-10-04T00:27:18.215Z"}
{"level":"info","message":"Servidor corriendo en puerto 3000","timestamp":"2025-10-04T00:31:25.540Z"}
{"level":"info","message":"Servidor corriendo en puerto 3000","timestamp":"2025-10-04T00:31:58.279Z"}
{"level":"info","message":"Servidor corriendo en puerto 3000","timestamp":"2025-10-04T00:33:49.944Z"}
{"code":"WARN_DATA_TRUNCATED","errno":1265,"level":"error","message":"Error al actualizar aprendiz 171: Data truncated for column 'estadoFormacion' at row 1","sql":"UPDATE aprendices SET tipoDocumento = ?, numeroDocumento = ?, estadoFormacion = ?, nombres = ?, primerApellido = ?, segundoApellido = ?, fechaNacimiento = ?, eps = ?, telefonoFijo = ?, celular = ?, direccion = ?, barrio = ?, departamento = ?, municipio = ?, correoElectronico = ?, fechaInicioLectiva = ?, fechaFinLectiva = ?, fechaInicioProductiva = ?, fechaFinProductiva = ?, instructorLectiva = ?, instructorProductiva = ?, numeroFicha = ?, programaFormacion = ?, alternativaSeleccionada = ?, areaFormacion = ?, empresaPatrocinadora = ?, areaPractica = ?, jefeInmediato = ?, telefonoEmpresa = ?, celularEmpresa = ?, direccionEmpresa = ?, correoEmpresa = ?, horario = ? WHERE id = ?","sqlMessage":"Data truncated for column 'estadoFormacion' at row 1","sqlState":"01000","stack":"Error: Data truncated for column 'estadoFormacion' at row 1\n    at PromisePool.execute (C:\\Users\\PICHOLO\\Desktop\\gestion_etapa_productiva\\node_modules\\mysql2\\promise.js:374:22)\n    at ServicioGestionAprendices.actualizarAprendiz (C:\\Users\\PICHOLO\\Desktop\\gestion_etapa_productiva\\src\\modulos\\administrador\\servicios\\servicioGestionAprendices.js:398:41)\n    at actualizarAprendiz (C:\\Users\\PICHOLO\\Desktop\\gestion_etapa_productiva\\src\\modulos\\administrador\\controladores\\gestionAprendicesControlador.js:335:60)\n    at Layer.handle [as handle_request] (C:\\Users\\PICHOLO\\Desktop\\gestion_etapa_productiva\\node_modules\\express\\lib\\router\\layer.js:95:5)\n    at next (C:\\Users\\PICHOLO\\Desktop\\gestion_etapa_productiva\\node_modules\\express\\lib\\router\\route.js:149:13)\n    at Route.dispatch (C:\\Users\\PICHOLO\\Desktop\\gestion_etapa_productiva\\node_modules\\express\\lib\\router\\route.js:119:3)\n    at Layer.handle [as handle_request] (C:\\Users\\PICHOLO\\Desktop\\gestion_etapa_productiva\\node_modules\\express\\lib\\router\\layer.js:95:5)\n    at C:\\Users\\PICHOLO\\Desktop\\gestion_etapa_productiva\\node_modules\\express\\lib\\router\\index.js:284:15\n    at param (C:\\Users\\PICHOLO\\Desktop\\gestion_etapa_productiva\\node_modules\\express\\lib\\router\\index.js:365:14)\n    at param (C:\\Users\\PICHOLO\\Desktop\\gestion_etapa_productiva\\node_modules\\express\\lib\\router\\index.js:376:14)","timestamp":"2025-10-04T01:10:44.609Z"}
{"code":"WARN_DATA_TRUNCATED","errno":1265,"level":"error","message":"Error al actualizar aprendiz: Data truncated for column 'estadoFormacion' at row 1","sql":"UPDATE aprendices SET tipoDocumento = ?, numeroDocumento = ?, estadoFormacion = ?, nombres = ?, primerApellido = ?, segundoApellido = ?, fechaNacimiento = ?, eps = ?, telefonoFijo = ?, celular = ?, direccion = ?, barrio = ?, departamento = ?, municipio = ?, correoElectronico = ?, fechaInicioLectiva = ?, fechaFinLectiva = ?, fechaInicioProductiva = ?, fechaFinProductiva = ?, instructorLectiva = ?, instructorProductiva = ?, numeroFicha = ?, programaFormacion = ?, alternativaSeleccionada = ?, areaFormacion = ?, empresaPatrocinadora = ?, areaPractica = ?, jefeInmediato = ?, telefonoEmpresa = ?, celularEmpresa = ?, direccionEmpresa = ?, correoEmpresa = ?, horario = ? WHERE id = ?","sqlMessage":"Data truncated for column 'estadoFormacion' at row 1","sqlState":"01000","stack":"Error: Data truncated for column 'estadoFormacion' at row 1\n    at PromisePool.execute (C:\\Users\\PICHOLO\\Desktop\\gestion_etapa_productiva\\node_modules\\mysql2\\promise.js:374:22)\n    at ServicioGestionAprendices.actualizarAprendiz (C:\\Users\\PICHOLO\\Desktop\\gestion_etapa_productiva\\src\\modulos\\administrador\\servicios\\servicioGestionAprendices.js:398:41)\n    at actualizarAprendiz (C:\\Users\\PICHOLO\\Desktop\\gestion_etapa_productiva\\src\\modulos\\administrador\\controladores\\gestionAprendicesControlador.js:335:60)\n    at Layer.handle [as handle_request] (C:\\Users\\PICHOLO\\Desktop\\gestion_etapa_productiva\\node_modules\\express\\lib\\router\\layer.js:95:5)\n    at next (C:\\Users\\PICHOLO\\Desktop\\gestion_etapa_productiva\\node_modules\\express\\lib\\router\\route.js:149:13)\n    at Route.dispatch (C:\\Users\\PICHOLO\\Desktop\\gestion_etapa_productiva\\node_modules\\express\\lib\\router\\route.js:119:3)\n    at Layer.handle [as handle_request] (C:\\Users\\PICHOLO\\Desktop\\gestion_etapa_productiva\\node_modules\\express\\lib\\router\\layer.js:95:5)\n    at C:\\Users\\PICHOLO\\Desktop\\gestion_etapa_productiva\\node_modules\\express\\lib\\router\\index.js:284:15\n    at param (C:\\Users\\PICHOLO\\Desktop\\gestion_etapa_productiva\\node_modules\\express\\lib\\router\\index.js:365:14)\n    at param (C:\\Users\\PICHOLO\\Desktop\\gestion_etapa_productiva\\node_modules\\express\\lib\\router\\index.js:376:14)","timestamp":"2025-10-04T01:10:44.615Z"}
{"level":"info","message":"Servidor corriendo en puerto 3000","timestamp":"2025-10-05T00:57:20.288Z"}
{"level":"info","message":"Servidor corriendo en puerto 3000","timestamp":"2025-10-05T01:09:38.001Z"}
{"level":"info","message":"Servidor corriendo en puerto 3000","timestamp":"2025-10-05T01:28:48.830Z"}
{"level":"info","message":"Servidor corriendo en puerto 3000","timestamp":"2025-10-05T01:28:57.519Z"}
{"level":"info","message":"Servidor corriendo en puerto 3000","timestamp":"2025-10-05T02:53:31.525Z"}
{"level":"info","message":"Servidor corriendo en puerto 3000","timestamp":"2025-10-05T03:19:54.445Z"}
{"level":"info","message":"Servidor corriendo en puerto 3000","timestamp":"2025-10-05T03:20:10.432Z"}
{"level":"info","message":"Servidor corriendo en puerto 3000","timestamp":"2025-10-05T03:28:57.076Z"}
{"level":"info","message":"Servidor corriendo en puerto 3000","timestamp":"2025-10-05T03:33:43.441Z"}
{"level":"info","message":"Servidor corriendo en puerto 3000","timestamp":"2025-10-05T03:36:05.574Z"}
{"level":"info","message":"Servidor corriendo en puerto 3000","timestamp":"2025-10-05T03:36:15.427Z"}
{"level":"info","message":"Servidor corriendo en puerto 3000","timestamp":"2025-10-05T03:36:54.954Z"}
{"level":"info","message":"Servidor corriendo en puerto 3000","timestamp":"2025-10-05T03:40:11.227Z"}
{"level":"info","message":"Servidor corriendo en puerto 3000","timestamp":"2025-10-05T21:10:53.410Z"}
{"level":"info","message":"Servidor corriendo en puerto 3000","timestamp":"2025-10-05T21:32:56.259Z"}
{"level":"info","message":"Servidor corriendo en puerto 3000","timestamp":"2025-10-05T21:33:59.458Z"}
{"level":"info","message":"Servidor corriendo en puerto 3000","timestamp":"2025-10-05T21:35:54.882Z"}
{"level":"info","message":"Servidor corriendo en puerto 3000","timestamp":"2025-10-05T21:39:49.871Z"}
{"level":"info","message":"Servidor corriendo en puerto 3000","timestamp":"2025-10-05T21:39:54.789Z"}
{"level":"info","message":"Servidor corriendo en puerto 3000","timestamp":"2025-10-05T21:57:01.361Z"}
{"level":"info","message":"Servidor corriendo en puerto 3000","timestamp":"2025-10-05T21:57:07.934Z"}
{"level":"info","message":"Servidor corriendo en puerto 3000","timestamp":"2025-10-05T22:04:13.715Z"}
{"level":"info","message":"Servidor corriendo en puerto 3000","timestamp":"2025-10-05T22:06:27.993Z"}
{"level":"info","message":"Servidor corriendo en puerto 3000","timestamp":"2025-10-05T22:09:33.673Z"}
{"level":"info","message":"Aprendiz 171 eliminado","timestamp":"2025-10-05T22:11:35.532Z"}
{"level":"info","message":"Servidor corriendo en puerto 3000","timestamp":"2025-10-05T22:25:19.853Z"}
{"level":"info","message":"Aprendiz 172 eliminado","timestamp":"2025-10-05T22:28:33.809Z"}
{"level":"info","message":"Servidor corriendo en puerto 3000","timestamp":"2025-10-05T22:37:02.108Z"}
{"level":"info","message":"Servidor corriendo en puerto 3000","timestamp":"2025-10-05T22:45:15.637Z"}
{"level":"info","message":"Servidor corriendo en puerto 3000","timestamp":"2025-10-05T22:53:54.361Z"}
{"level":"info","message":"Servidor corriendo en puerto 3000","timestamp":"2025-10-05T22:54:41.694Z"}
{"level":"info","message":"Servidor corriendo en puerto 3000","timestamp":"2025-10-05T22:56:19.196Z"}
{"level":"info","message":"Servidor corriendo en puerto 3000","timestamp":"2025-10-05T23:32:55.397Z"}
{"level":"info","message":"Servidor corriendo en puerto 3000","timestamp":"2025-10-05T23:38:12.551Z"}
{"level":"info","message":"Servidor corriendo en puerto 3000","timestamp":"2025-10-05T23:39:09.385Z"}
{"level":"info","message":"Servidor corriendo en puerto 3000","timestamp":"2025-10-05T23:40:55.549Z"}
{"level":"info","message":"Servidor corriendo en puerto 3000","timestamp":"2025-10-05T23:58:15.747Z"}
{"level":"info","message":"Servidor corriendo en puerto 3000","timestamp":"2025-10-06T01:07:28.426Z"}
{"level":"info","message":"Servidor corriendo en puerto 3000","timestamp":"2025-10-06T01:20:15.422Z"}
{"level":"info","message":"Servidor corriendo en puerto 3000","timestamp":"2025-10-06T01:20:33.879Z"}
{"level":"info","message":"Servidor corriendo en puerto 3000","timestamp":"2025-10-06T01:21:49.323Z"}
{"level":"info","message":"Servidor corriendo en puerto 3000","timestamp":"2025-10-06T01:23:58.611Z"}
{"level":"info","message":"Servidor corriendo en puerto 3000","timestamp":"2025-10-06T01:24:29.088Z"}
{"level":"info","message":"Servidor corriendo en puerto 3000","timestamp":"2025-10-06T01:24:54.171Z"}
{"level":"info","message":"Servidor corriendo en puerto 3000","timestamp":"2025-10-06T01:26:42.925Z"}
{"level":"info","message":"Servidor corriendo en puerto 3000","timestamp":"2025-10-06T01:31:28.981Z"}
{"level":"info","message":"Servidor corriendo en puerto 3000","timestamp":"2025-10-06T01:33:24.214Z"}
{"level":"info","message":"Servidor corriendo en puerto 3000","timestamp":"2025-10-06T01:55:22.686Z"}
{"level":"info","message":"Servidor corriendo en puerto 3000","timestamp":"2025-10-06T01:55:49.041Z"}
{"level":"info","message":"Servidor corriendo en puerto 3000","timestamp":"2025-10-09T01:25:25.395Z"}
{"level":"info","message":"Servidor corriendo en puerto 3000","timestamp":"2025-10-09T03:07:13.784Z"}
{"level":"info","message":"Servidor corriendo en puerto 3000","timestamp":"2025-10-09T04:14:01.929Z"}
{"level":"info","message":"Servidor corriendo en puerto 3000","timestamp":"2025-10-09T04:48:27.575Z"}
{"level":"info","message":"Servidor corriendo en puerto 3000","timestamp":"2025-10-09T04:50:44.277Z"}
{"level":"info","message":"Servidor corriendo en puerto 3000","timestamp":"2025-10-09T05:12:48.976Z"}
{"level":"info","message":"Servidor corriendo en puerto 3000","timestamp":"2025-10-09T05:39:30.537Z"}
{"level":"info","message":"Servidor corriendo en puerto 3000","timestamp":"2025-10-10T01:02:05.847Z"}
{"level":"info","message":"Servidor corriendo en puerto 3000","timestamp":"2025-10-10T01:14:10.318Z"}
{"level":"info","message":"Servidor corriendo en puerto 3000","timestamp":"2025-10-10T01:14:44.747Z"}
{"level":"info","message":"Servidor corriendo en puerto 3000","timestamp":"2025-10-10T01:15:41.877Z"}
{"level":"info","message":"Servidor corriendo en puerto 3000","timestamp":"2025-10-10T01:16:01.187Z"}
{"level":"info","message":"Servidor corriendo en puerto 3000","timestamp":"2025-10-10T01:16:19.478Z"}
{"level":"info","message":"Servidor corriendo en puerto 3000","timestamp":"2025-10-10T01:17:21.784Z"}
{"level":"info","message":"Servidor corriendo en puerto 3000","timestamp":"2025-10-10T01:17:32.783Z"}
{"level":"info","message":"Servidor corriendo en puerto 3000","timestamp":"2025-10-10T01:17:38.835Z"}
{"level":"info","message":"Servidor corriendo en puerto 3000","timestamp":"2025-10-10T01:17:52.768Z"}
{"level":"info","message":"Servidor corriendo en puerto 3000","timestamp":"2025-10-10T01:18:00.883Z"}
{"level":"info","message":"Servidor corriendo en puerto 3000","timestamp":"2025-10-10T01:18:20.777Z"}
{"level":"info","message":"Servidor corriendo en puerto 3000","timestamp":"2025-10-10T01:18:28.886Z"}
{"level":"info","message":"Servidor corriendo en puerto 3000","timestamp":"2025-10-10T01:18:59.172Z"}
{"level":"info","message":"Servidor corriendo en puerto 3000","timestamp":"2025-10-10T01:19:07.917Z"}
{"level":"info","message":"Servidor corriendo en puerto 3000","timestamp":"2025-10-10T01:19:14.716Z"}
{"level":"info","message":"Servidor corriendo en puerto 3000","timestamp":"2025-10-10T01:19:25.685Z"}
{"level":"info","message":"Servidor corriendo en puerto 3000","timestamp":"2025-10-10T01:19:31.468Z"}
{"level":"info","message":"Servidor corriendo en puerto 3000","timestamp":"2025-10-10T01:19:43.120Z"}
{"level":"info","message":"Servidor corriendo en puerto 3000","timestamp":"2025-10-10T01:19:50.084Z"}
{"level":"info","message":"Servidor corriendo en puerto 3000","timestamp":"2025-10-10T01:19:55.795Z"}
{"level":"info","message":"Servidor corriendo en puerto 3000","timestamp":"2025-10-10T01:20:05.190Z"}
{"level":"info","message":"Servidor corriendo en puerto 3000","timestamp":"2025-10-10T01:22:24.718Z"}
{"level":"info","message":"Servidor corriendo en puerto 3000","timestamp":"2025-10-10T01:22:29.738Z"}
{"level":"info","message":"Servidor corriendo en puerto 3000","timestamp":"2025-10-10T01:22:52.238Z"}
{"level":"info","message":"Servidor corriendo en puerto 3000","timestamp":"2025-10-10T01:23:08.001Z"}
{"level":"info","message":"Servidor corriendo en puerto 3000","timestamp":"2025-10-10T01:23:15.646Z"}
{"level":"info","message":"Servidor corriendo en puerto 3000","timestamp":"2025-10-10T01:23:32.495Z"}
{"level":"info","message":"Servidor corriendo en puerto 3000","timestamp":"2025-10-10T01:29:08.686Z"}
{"level":"info","message":"Servidor corriendo en puerto 3000","timestamp":"2025-10-10T02:00:01.861Z"}
{"level":"info","message":"Servidor corriendo en puerto 3000","timestamp":"2025-10-10T03:11:53.179Z"}
{"level":"info","message":"Servidor corriendo en puerto 3000","timestamp":"2025-10-10T03:24:55.856Z"}
{"level":"info","message":"Servidor corriendo en puerto 3000","timestamp":"2025-10-10T03:30:20.555Z"}
{"level":"info","message":"Servidor corriendo en puerto 3000","timestamp":"2025-10-10T03:37:39.264Z"}
{"level":"info","message":"Servidor corriendo en puerto 3000","timestamp":"2025-10-10T03:43:25.970Z"}
{"level":"info","message":"Servidor corriendo en puerto 3000","timestamp":"2025-10-10T21:30:45.303Z"}
{"level":"info","message":"Servidor corriendo en puerto 3000","timestamp":"2025-10-11T02:49:44.576Z"}
{"level":"info","message":"Servidor corriendo en puerto 3000","timestamp":"2025-10-12T21:31:17.739Z"}
{"level":"info","message":"Servidor corriendo en puerto 3000","timestamp":"2025-10-12T21:44:33.004Z"}
{"level":"info","message":"Servidor corriendo en puerto 3000","timestamp":"2025-10-12T21:48:41.638Z"}
{"level":"info","message":"Servidor corriendo en puerto 3000","timestamp":"2025-10-12T22:11:39.853Z"}
{"level":"info","message":"Servidor corriendo en puerto 3000","timestamp":"2025-10-12T22:48:05.999Z"}
{"level":"info","message":"Servidor corriendo en puerto 3000","timestamp":"2025-10-12T22:48:18.947Z"}
{"level":"info","message":"Servidor corriendo en puerto 3000","timestamp":"2025-10-12T22:48:32.598Z"}
{"level":"info","message":"Servidor corriendo en puerto 3000","timestamp":"2025-10-12T22:48:46.994Z"}
{"level":"info","message":"Servidor corriendo en puerto 3000","timestamp":"2025-10-12T22:48:59.894Z"}
{"level":"info","message":"Servidor corriendo en puerto 3000","timestamp":"2025-10-12T22:49:12.819Z"}
{"level":"info","message":"Servidor corriendo en puerto 3000","timestamp":"2025-10-12T22:49:27.892Z"}
{"level":"info","message":"Servidor corriendo en puerto 3000","timestamp":"2025-10-12T22:56:39.619Z"}
{"level":"info","message":"Servidor corriendo en puerto 3000","timestamp":"2025-10-12T23:01:12.192Z"}
{"level":"info","message":"Servidor corriendo en puerto 3000","timestamp":"2025-10-12T23:01:25.998Z"}
{"level":"info","message":"Servidor corriendo en puerto 3000","timestamp":"2025-10-12T23:01:39.798Z"}
{"level":"info","message":"Servidor corriendo en puerto 3000","timestamp":"2025-10-12T23:02:18.486Z"}
{"level":"info","message":"Servidor corriendo en puerto 3000","timestamp":"2025-10-12T23:04:49.113Z"}
{"level":"info","message":"Servidor corriendo en puerto 3000","timestamp":"2025-10-12T23:05:01.532Z"}
{"level":"info","message":"Servidor corriendo en puerto 3000","timestamp":"2025-10-12T23:05:18.363Z"}
{"level":"info","message":"Servidor corriendo en puerto 3000","timestamp":"2025-10-12T23:11:38.729Z"}
{"level":"info","message":"Servidor corriendo en puerto 3000","timestamp":"2025-10-12T23:34:31.885Z"}
{"level":"info","message":"Servidor corriendo en puerto 3000","timestamp":"2025-10-13T00:00:01.134Z"}
{"level":"info","message":"Servidor corriendo en puerto 3000","timestamp":"2025-10-13T00:03:47.211Z"}
{"level":"info","message":"Servidor corriendo en puerto 3000","timestamp":"2025-10-13T00:07:08.982Z"}
{"level":"info","message":"Servidor corriendo en puerto 3000","timestamp":"2025-10-13T00:08:30.114Z"}
{"level":"info","message":"Servidor corriendo en puerto 3000","timestamp":"2025-10-13T00:08:37.491Z"}
{"level":"info","message":"Servidor corriendo en puerto 3000","timestamp":"2025-10-13T00:09:42.561Z"}
{"level":"info","message":"Servidor corriendo en puerto 3000","timestamp":"2025-10-13T00:12:12.477Z"}
{"level":"info","message":"Servidor corriendo en puerto 3000","timestamp":"2025-10-13T00:14:47.183Z"}
{"level":"info","message":"Servidor corriendo en puerto 3000","timestamp":"2025-10-13T00:14:59.052Z"}
{"level":"info","message":"Servidor corriendo en puerto 3000","timestamp":"2025-10-13T00:15:54.564Z"}
{"level":"info","message":"Servidor corriendo en puerto 3000","timestamp":"2025-10-13T00:17:43.400Z"}
{"level":"info","message":"Servidor corriendo en puerto 3000","timestamp":"2025-10-13T00:20:32.250Z"}
{"level":"info","message":"Servidor corriendo en puerto 3000","timestamp":"2025-10-13T00:20:49.025Z"}
{"level":"info","message":"Servidor corriendo en puerto 3000","timestamp":"2025-10-13T00:24:22.305Z"}
{"level":"info","message":"Servidor corriendo en puerto 3000","timestamp":"2025-10-13T00:36:12.028Z"}
{"level":"info","message":"Servidor corriendo en puerto 3000","timestamp":"2025-10-13T00:36:21.905Z"}
{"level":"info","message":"Servidor corriendo en puerto 3000","timestamp":"2025-10-13T00:36:37.778Z"}
{"level":"info","message":"Servidor corriendo en puerto 3000","timestamp":"2025-10-13T01:14:39.935Z"}
{"level":"info","message":"Servidor corriendo en puerto 3000","timestamp":"2025-10-13T01:55:40.580Z"}
{"level":"info","message":"Servidor corriendo en puerto 3000","timestamp":"2025-10-13T02:01:59.903Z"}
{"level":"info","message":"Servidor corriendo en puerto 3000","timestamp":"2025-10-14T23:31:56.041Z"}
{"level":"info","message":"Servidor corriendo en puerto 3000","timestamp":"2025-10-15T00:04:05.923Z"}
{"level":"info","message":"Servidor corriendo en puerto 3000","timestamp":"2025-10-15T00:04:13.062Z"}
{"level":"info","message":"Servidor corriendo en puerto 3000","timestamp":"2025-10-15T00:04:21.233Z"}
{"level":"info","message":"Servidor corriendo en puerto 3000","timestamp":"2025-10-15T00:04:32.546Z"}
{"level":"info","message":"Servidor corriendo en puerto 3000","timestamp":"2025-10-15T00:09:02.638Z"}
{"level":"info","message":"Servidor corriendo en puerto 3000","timestamp":"2025-10-15T00:09:13.609Z"}
{"level":"info","message":"Servidor corriendo en puerto 3000","timestamp":"2025-10-15T00:09:22.954Z"}
{"level":"info","message":"Servidor corriendo en puerto 3000","timestamp":"2025-10-15T00:09:42.727Z"}
{"level":"info","message":"Servidor corriendo en puerto 3000","timestamp":"2025-10-15T00:19:59.443Z"}
{"level":"info","message":"Servidor corriendo en puerto 3000","timestamp":"2025-10-15T00:20:15.028Z"}
{"level":"info","message":"Servidor corriendo en puerto 3000","timestamp":"2025-10-15T00:20:32.220Z"}
{"level":"info","message":"Servidor corriendo en puerto 3000","timestamp":"2025-10-15T00:20:39.290Z"}
{"level":"info","message":"Servidor corriendo en puerto 3000","timestamp":"2025-10-15T02:56:41.166Z"}
{"level":"info","message":"Servidor corriendo en puerto 3000","timestamp":"2025-10-15T03:44:10.900Z"}
{"level":"info","message":"Servidor corriendo en puerto 3000","timestamp":"2025-10-16T03:09:12.780Z"}
{"level":"info","message":"Servidor corriendo en puerto 3000","timestamp":"2025-10-16T03:14:39.853Z"}
{"level":"info","message":"Servidor corriendo en puerto 3000","timestamp":"2025-10-16T03:15:21.360Z"}
{"level":"info","message":"Servidor corriendo en puerto 3000","timestamp":"2025-10-16T03:31:57.744Z"}
{"level":"info","message":"Servidor corriendo en puerto 3000","timestamp":"2025-10-16T03:47:00.673Z"}
{"level":"info","message":"Servidor corriendo en puerto 3000","timestamp":"2025-10-16T03:47:48.825Z"}
{"level":"info","message":"Servidor corriendo en puerto 3000","timestamp":"2025-10-16T03:48:35.598Z"}
{"level":"info","message":"Servidor corriendo en puerto 3000","timestamp":"2025-10-16T04:13:47.479Z"}
{"level":"info","message":"Servidor corriendo en puerto 3000","timestamp":"2025-10-16T04:14:00.914Z"}
{"level":"info","message":"Servidor corriendo en puerto 3000","timestamp":"2025-10-16T04:14:07.438Z"}
{"level":"info","message":"Servidor corriendo en puerto 3000","timestamp":"2025-10-16T04:15:26.625Z"}
{"level":"info","message":"Servidor corriendo en puerto 3000","timestamp":"2025-10-18T00:46:36.287Z"}
{"level":"info","message":"Servidor corriendo en puerto 3000","timestamp":"2025-10-18T02:24:45.137Z"}
{"level":"info","message":"Servidor corriendo en puerto 3000","timestamp":"2025-10-18T02:28:04.600Z"}
{"level":"info","message":"Servidor corriendo en puerto 3000","timestamp":"2025-10-18T02:57:09.901Z"}
{"level":"info","message":"Servidor corriendo en puerto 3000","timestamp":"2025-10-18T04:07:38.109Z"}
{"level":"info","message":"Servidor corriendo en puerto 3000","timestamp":"2025-10-18T04:07:46.749Z"}
{"level":"info","message":"Servidor corriendo en puerto 3000","timestamp":"2025-10-18T04:07:59.927Z"}
{"level":"info","message":"Servidor corriendo en puerto 3000","timestamp":"2025-10-18T04:08:09.458Z"}
{"level":"info","message":"Servidor corriendo en puerto 3000","timestamp":"2025-10-18T04:13:20.370Z"}
{"level":"info","message":"Servidor corriendo en puerto 3000","timestamp":"2025-10-18T04:13:29.169Z"}
{"level":"info","message":"Servidor corriendo en puerto 3000","timestamp":"2025-10-18T18:31:52.758Z"}
{"level":"info","message":"Servidor corriendo en puerto 3000","timestamp":"2025-10-18T18:52:56.003Z"}
{"level":"info","message":"Servidor corriendo en puerto 3000","timestamp":"2025-10-19T00:42:07.138Z"}
{"level":"info","message":"Servidor corriendo en puerto 3000","timestamp":"2025-10-19T01:55:18.540Z"}
{"level":"info","message":"Servidor corriendo en puerto 3000","timestamp":"2025-10-19T03:00:42.134Z"}
{"level":"info","message":"Servidor corriendo en puerto 3000","timestamp":"2025-10-19T03:06:19.869Z"}
{"level":"info","message":"Servidor corriendo en puerto 3000","timestamp":"2025-10-19T03:27:44.459Z"}
{"level":"info","message":"Servidor corriendo en puerto 3000","timestamp":"2025-10-19T03:32:15.956Z"}
{"level":"info","message":"Servidor corriendo en puerto 3000","timestamp":"2025-10-19T03:48:02.466Z"}
{"level":"info","message":"Servidor corriendo en puerto 3000","timestamp":"2025-10-19T03:54:56.615Z"}
{"level":"info","message":"Servidor corriendo en puerto 3000","timestamp":"2025-10-19T03:58:02.733Z"}
{"level":"info","message":"Servidor corriendo en puerto 3000","timestamp":"2025-10-19T03:59:32.853Z"}
{"level":"info","message":"Servidor corriendo en puerto 3000","timestamp":"2025-10-19T04:00:48.814Z"}
{"level":"info","message":"Servidor corriendo en puerto 3000","timestamp":"2025-10-19T23:00:04.919Z"}
{"level":"info","message":"Servidor corriendo en puerto 3000","timestamp":"2025-10-20T00:57:55.954Z"}
{"level":"info","message":"Servidor corriendo en puerto 3000","timestamp":"2025-10-20T00:59:48.438Z"}
{"level":"info","message":"Servidor corriendo en puerto 3000","timestamp":"2025-10-20T01:22:44.540Z"}
{"camposActualizados":33,"level":"info","message":"Aprendiz 144 actualizado","timestamp":"2025-10-20T01:44:59.212Z"}
{"level":"info","message":"Servidor corriendo en puerto 3000","timestamp":"2025-10-20T02:05:17.889Z"}
{"level":"info","message":"Servidor corriendo en puerto 3000","timestamp":"2025-10-22T00:14:43.017Z"}
{"level":"info","message":"Servidor corriendo en puerto 3000","timestamp":"2025-10-22T00:26:01.709Z"}
{"level":"info","message":"Servidor corriendo en puerto 3000","timestamp":"2025-10-22T00:26:11.504Z"}
{"level":"info","message":"Servidor corriendo en puerto 3000","timestamp":"2025-10-22T00:43:11.517Z"}
{"level":"info","message":"Servidor corriendo en puerto 3000","timestamp":"2025-10-22T01:00:46.106Z"}
{"level":"info","message":"Servidor corriendo en puerto 3000","timestamp":"2025-10-22T01:23:38.786Z"}
{"code":"WARN_DATA_TRUNCATED","errno":1265,"level":"error","message":"Error al actualizar aprendiz 144: Data truncated for column 'estadoFormacion' at row 1","sql":"UPDATE aprendices SET tipoDocumento = ?, numeroDocumento = ?, estadoFormacion = ?, nombres = ?, primerApellido = ?, segundoApellido = ?, fechaNacimiento = ?, eps = ?, telefonoFijo = ?, celular = ?, direccion = ?, barrio = ?, departamento = ?, municipio = ?, correoElectronico = ?, fechaInicioLectiva = ?, fechaFinLectiva = ?, fechaInicioProductiva = ?, fechaFinProductiva = ?, instructorLectiva = ?, instructorProductiva = ?, numeroFicha = ?, programaFormacion = ?, alternativaSeleccionada = ?, areaFormacion = ?, empresaPatrocinadora = ?, areaPractica = ?, jefeInmediato = ?, telefonoEmpresa = ?, celularEmpresa = ?, direccionEmpresa = ?, correoEmpresa = ?, horario = ? WHERE id = ?","sqlMessage":"Data truncated for column 'estadoFormacion' at row 1","sqlState":"01000","stack":"Error: Data truncated for column 'estadoFormacion' at row 1\n    at PromisePool.execute (C:\\Users\\PICHOLO\\Desktop\\gestion_etapa_productiva\\node_modules\\mysql2\\promise.js:374:22)\n    at ServicioGestionAprendices.actualizarAprendiz (C:\\Users\\PICHOLO\\Desktop\\gestion_etapa_productiva\\src\\modulos\\administrador\\servicios\\servicioGestionAprendices.js:409:41)\n    at actualizarAprendiz (C:\\Users\\PICHOLO\\Desktop\\gestion_etapa_productiva\\src\\modulos\\administrador\\controladores\\gestionAprendicesControlador.js:337:60)\n    at Layer.handle [as handle_request] (C:\\Users\\PICHOLO\\Desktop\\gestion_etapa_productiva\\node_modules\\express\\lib\\router\\layer.js:95:5)\n    at next (C:\\Users\\PICHOLO\\Desktop\\gestion_etapa_productiva\\node_modules\\express\\lib\\router\\route.js:149:13)\n    at Route.dispatch (C:\\Users\\PICHOLO\\Desktop\\gestion_etapa_productiva\\node_modules\\express\\lib\\router\\route.js:119:3)\n    at Layer.handle [as handle_request] (C:\\Users\\PICHOLO\\Desktop\\gestion_etapa_productiva\\node_modules\\express\\lib\\router\\layer.js:95:5)\n    at C:\\Users\\PICHOLO\\Desktop\\gestion_etapa_productiva\\node_modules\\express\\lib\\router\\index.js:284:15\n    at param (C:\\Users\\PICHOLO\\Desktop\\gestion_etapa_productiva\\node_modules\\express\\lib\\router\\index.js:365:14)\n    at param (C:\\Users\\PICHOLO\\Desktop\\gestion_etapa_productiva\\node_modules\\express\\lib\\router\\index.js:376:14)","timestamp":"2025-10-22T01:24:56.291Z"}
{"code":"WARN_DATA_TRUNCATED","errno":1265,"level":"error","message":"Error al actualizar aprendiz: Data truncated for column 'estadoFormacion' at row 1","sql":"UPDATE aprendices SET tipoDocumento = ?, numeroDocumento = ?, estadoFormacion = ?, nombres = ?, primerApellido = ?, segundoApellido = ?, fechaNacimiento = ?, eps = ?, telefonoFijo = ?, celular = ?, direccion = ?, barrio = ?, departamento = ?, municipio = ?, correoElectronico = ?, fechaInicioLectiva = ?, fechaFinLectiva = ?, fechaInicioProductiva = ?, fechaFinProductiva = ?, instructorLectiva = ?, instructorProductiva = ?, numeroFicha = ?, programaFormacion = ?, alternativaSeleccionada = ?, areaFormacion = ?, empresaPatrocinadora = ?, areaPractica = ?, jefeInmediato = ?, telefonoEmpresa = ?, celularEmpresa = ?, direccionEmpresa = ?, correoEmpresa = ?, horario = ? WHERE id = ?","sqlMessage":"Data truncated for column 'estadoFormacion' at row 1","sqlState":"01000","stack":"Error: Data truncated for column 'estadoFormacion' at row 1\n    at PromisePool.execute (C:\\Users\\PICHOLO\\Desktop\\gestion_etapa_productiva\\node_modules\\mysql2\\promise.js:374:22)\n    at ServicioGestionAprendices.actualizarAprendiz (C:\\Users\\PICHOLO\\Desktop\\gestion_etapa_productiva\\src\\modulos\\administrador\\servicios\\servicioGestionAprendices.js:409:41)\n    at actualizarAprendiz (C:\\Users\\PICHOLO\\Desktop\\gestion_etapa_productiva\\src\\modulos\\administrador\\controladores\\gestionAprendicesControlador.js:337:60)\n    at Layer.handle [as handle_request] (C:\\Users\\PICHOLO\\Desktop\\gestion_etapa_productiva\\node_modules\\express\\lib\\router\\layer.js:95:5)\n    at next (C:\\Users\\PICHOLO\\Desktop\\gestion_etapa_productiva\\node_modules\\express\\lib\\router\\route.js:149:13)\n    at Route.dispatch (C:\\Users\\PICHOLO\\Desktop\\gestion_etapa_productiva\\node_modules\\express\\lib\\router\\route.js:119:3)\n    at Layer.handle [as handle_request] (C:\\Users\\PICHOLO\\Desktop\\gestion_etapa_productiva\\node_modules\\express\\lib\\router\\layer.js:95:5)\n    at C:\\Users\\PICHOLO\\Desktop\\gestion_etapa_productiva\\node_modules\\express\\lib\\router\\index.js:284:15\n    at param (C:\\Users\\PICHOLO\\Desktop\\gestion_etapa_productiva\\node_modules\\express\\lib\\router\\index.js:365:14)\n    at param (C:\\Users\\PICHOLO\\Desktop\\gestion_etapa_productiva\\node_modules\\express\\lib\\router\\index.js:376:14)","timestamp":"2025-10-22T01:24:56.297Z"}
{"code":"WARN_DATA_TRUNCATED","errno":1265,"level":"error","message":"Error al actualizar aprendiz 144: Data truncated for column 'estadoFormacion' at row 1","sql":"UPDATE aprendices SET tipoDocumento = ?, numeroDocumento = ?, estadoFormacion = ?, nombres = ?, primerApellido = ?, segundoApellido = ?, fechaNacimiento = ?, eps = ?, telefonoFijo = ?, celular = ?, direccion = ?, barrio = ?, departamento = ?, municipio = ?, correoElectronico = ?, fechaInicioLectiva = ?, fechaFinLectiva = ?, fechaInicioProductiva = ?, fechaFinProductiva = ?, instructorLectiva = ?, instructorProductiva = ?, numeroFicha = ?, programaFormacion = ?, alternativaSeleccionada = ?, areaFormacion = ?, empresaPatrocinadora = ?, areaPractica = ?, jefeInmediato = ?, telefonoEmpresa = ?, celularEmpresa = ?, direccionEmpresa = ?, correoEmpresa = ?, horario = ? WHERE id = ?","sqlMessage":"Data truncated for column 'estadoFormacion' at row 1","sqlState":"01000","stack":"Error: Data truncated for column 'estadoFormacion' at row 1\n    at PromisePool.execute (C:\\Users\\PICHOLO\\Desktop\\gestion_etapa_productiva\\node_modules\\mysql2\\promise.js:374:22)\n    at ServicioGestionAprendices.actualizarAprendiz (C:\\Users\\PICHOLO\\Desktop\\gestion_etapa_productiva\\src\\modulos\\administrador\\servicios\\servicioGestionAprendices.js:409:41)\n    at actualizarAprendiz (C:\\Users\\PICHOLO\\Desktop\\gestion_etapa_productiva\\src\\modulos\\administrador\\controladores\\gestionAprendicesControlador.js:337:60)\n    at Layer.handle [as handle_request] (C:\\Users\\PICHOLO\\Desktop\\gestion_etapa_productiva\\node_modules\\express\\lib\\router\\layer.js:95:5)\n    at next (C:\\Users\\PICHOLO\\Desktop\\gestion_etapa_productiva\\node_modules\\express\\lib\\router\\route.js:149:13)\n    at Route.dispatch (C:\\Users\\PICHOLO\\Desktop\\gestion_etapa_productiva\\node_modules\\express\\lib\\router\\route.js:119:3)\n    at Layer.handle [as handle_request] (C:\\Users\\PICHOLO\\Desktop\\gestion_etapa_productiva\\node_modules\\express\\lib\\router\\layer.js:95:5)\n    at C:\\Users\\PICHOLO\\Desktop\\gestion_etapa_productiva\\node_modules\\express\\lib\\router\\index.js:284:15\n    at param (C:\\Users\\PICHOLO\\Desktop\\gestion_etapa_productiva\\node_modules\\express\\lib\\router\\index.js:365:14)\n    at param (C:\\Users\\PICHOLO\\Desktop\\gestion_etapa_productiva\\node_modules\\express\\lib\\router\\index.js:376:14)","timestamp":"2025-10-22T01:25:12.508Z"}
{"code":"WARN_DATA_TRUNCATED","errno":1265,"level":"error","message":"Error al actualizar aprendiz: Data truncated for column 'estadoFormacion' at row 1","sql":"UPDATE aprendices SET tipoDocumento = ?, numeroDocumento = ?, estadoFormacion = ?, nombres = ?, primerApellido = ?, segundoApellido = ?, fechaNacimiento = ?, eps = ?, telefonoFijo = ?, celular = ?, direccion = ?, barrio = ?, departamento = ?, municipio = ?, correoElectronico = ?, fechaInicioLectiva = ?, fechaFinLectiva = ?, fechaInicioProductiva = ?, fechaFinProductiva = ?, instructorLectiva = ?, instructorProductiva = ?, numeroFicha = ?, programaFormacion = ?, alternativaSeleccionada = ?, areaFormacion = ?, empresaPatrocinadora = ?, areaPractica = ?, jefeInmediato = ?, telefonoEmpresa = ?, celularEmpresa = ?, direccionEmpresa = ?, correoEmpresa = ?, horario = ? WHERE id = ?","sqlMessage":"Data truncated for column 'estadoFormacion' at row 1","sqlState":"01000","stack":"Error: Data truncated for column 'estadoFormacion' at row 1\n    at PromisePool.execute (C:\\Users\\PICHOLO\\Desktop\\gestion_etapa_productiva\\node_modules\\mysql2\\promise.js:374:22)\n    at ServicioGestionAprendices.actualizarAprendiz (C:\\Users\\PICHOLO\\Desktop\\gestion_etapa_productiva\\src\\modulos\\administrador\\servicios\\servicioGestionAprendices.js:409:41)\n    at actualizarAprendiz (C:\\Users\\PICHOLO\\Desktop\\gestion_etapa_productiva\\src\\modulos\\administrador\\controladores\\gestionAprendicesControlador.js:337:60)\n    at Layer.handle [as handle_request] (C:\\Users\\PICHOLO\\Desktop\\gestion_etapa_productiva\\node_modules\\express\\lib\\router\\layer.js:95:5)\n    at next (C:\\Users\\PICHOLO\\Desktop\\gestion_etapa_productiva\\node_modules\\express\\lib\\router\\route.js:149:13)\n    at Route.dispatch (C:\\Users\\PICHOLO\\Desktop\\gestion_etapa_productiva\\node_modules\\express\\lib\\router\\route.js:119:3)\n    at Layer.handle [as handle_request] (C:\\Users\\PICHOLO\\Desktop\\gestion_etapa_productiva\\node_modules\\express\\lib\\router\\layer.js:95:5)\n    at C:\\Users\\PICHOLO\\Desktop\\gestion_etapa_productiva\\node_modules\\express\\lib\\router\\index.js:284:15\n    at param (C:\\Users\\PICHOLO\\Desktop\\gestion_etapa_productiva\\node_modules\\express\\lib\\router\\index.js:365:14)\n    at param (C:\\Users\\PICHOLO\\Desktop\\gestion_etapa_productiva\\node_modules\\express\\lib\\router\\index.js:376:14)","timestamp":"2025-10-22T01:25:12.510Z"}
{"level":"info","message":"Servidor corriendo en puerto 3000","timestamp":"2025-10-22T01:46:12.626Z"}
{"code":"WARN_DATA_TRUNCATED","errno":1265,"level":"error","message":"Error al actualizar aprendiz 144: Data truncated for column 'estadoFormacion' at row 1","sql":"UPDATE aprendices SET tipoDocumento = ?, numeroDocumento = ?, estadoFormacion = ?, nombres = ?, primerApellido = ?, segundoApellido = ?, fechaNacimiento = ?, eps = ?, telefonoFijo = ?, celular = ?, direccion = ?, barrio = ?, departamento = ?, municipio = ?, correoElectronico = ?, fechaInicioLectiva = ?, fechaFinLectiva = ?, fechaInicioProductiva = ?, fechaFinProductiva = ?, instructorLectiva = ?, instructorProductiva = ?, numeroFicha = ?, programaFormacion = ?, alternativaSeleccionada = ?, areaFormacion = ?, empresaPatrocinadora = ?, areaPractica = ?, jefeInmediato = ?, telefonoEmpresa = ?, celularEmpresa = ?, direccionEmpresa = ?, correoEmpresa = ?, horario = ? WHERE id = ?","sqlMessage":"Data truncated for column 'estadoFormacion' at row 1","sqlState":"01000","stack":"Error: Data truncated for column 'estadoFormacion' at row 1\n    at PromisePool.execute (C:\\Users\\PICHOLO\\Desktop\\gestion_etapa_productiva\\node_modules\\mysql2\\promise.js:374:22)\n    at ServicioGestionAprendices.actualizarAprendiz (C:\\Users\\PICHOLO\\Desktop\\gestion_etapa_productiva\\src\\modulos\\administrador\\servicios\\servicioGestionAprendices.js:413:41)\n    at actualizarAprendiz (C:\\Users\\PICHOLO\\Desktop\\gestion_etapa_productiva\\src\\modulos\\administrador\\controladores\\gestionAprendicesControlador.js:337:60)\n    at Layer.handle [as handle_request] (C:\\Users\\PICHOLO\\Desktop\\gestion_etapa_productiva\\node_modules\\express\\lib\\router\\layer.js:95:5)\n    at next (C:\\Users\\PICHOLO\\Desktop\\gestion_etapa_productiva\\node_modules\\express\\lib\\router\\route.js:149:13)\n    at Route.dispatch (C:\\Users\\PICHOLO\\Desktop\\gestion_etapa_productiva\\node_modules\\express\\lib\\router\\route.js:119:3)\n    at Layer.handle [as handle_request] (C:\\Users\\PICHOLO\\Desktop\\gestion_etapa_productiva\\node_modules\\express\\lib\\router\\layer.js:95:5)\n    at C:\\Users\\PICHOLO\\Desktop\\gestion_etapa_productiva\\node_modules\\express\\lib\\router\\index.js:284:15\n    at param (C:\\Users\\PICHOLO\\Desktop\\gestion_etapa_productiva\\node_modules\\express\\lib\\router\\index.js:365:14)\n    at param (C:\\Users\\PICHOLO\\Desktop\\gestion_etapa_productiva\\node_modules\\express\\lib\\router\\index.js:376:14)","timestamp":"2025-10-22T01:48:33.088Z"}
{"code":"WARN_DATA_TRUNCATED","errno":1265,"level":"error","message":"Error al actualizar aprendiz: Data truncated for column 'estadoFormacion' at row 1","sql":"UPDATE aprendices SET tipoDocumento = ?, numeroDocumento = ?, estadoFormacion = ?, nombres = ?, primerApellido = ?, segundoApellido = ?, fechaNacimiento = ?, eps = ?, telefonoFijo = ?, celular = ?, direccion = ?, barrio = ?, departamento = ?, municipio = ?, correoElectronico = ?, fechaInicioLectiva = ?, fechaFinLectiva = ?, fechaInicioProductiva = ?, fechaFinProductiva = ?, instructorLectiva = ?, instructorProductiva = ?, numeroFicha = ?, programaFormacion = ?, alternativaSeleccionada = ?, areaFormacion = ?, empresaPatrocinadora = ?, areaPractica = ?, jefeInmediato = ?, telefonoEmpresa = ?, celularEmpresa = ?, direccionEmpresa = ?, correoEmpresa = ?, horario = ? WHERE id = ?","sqlMessage":"Data truncated for column 'estadoFormacion' at row 1","sqlState":"01000","stack":"Error: Data truncated for column 'estadoFormacion' at row 1\n    at PromisePool.execute (C:\\Users\\PICHOLO\\Desktop\\gestion_etapa_productiva\\node_modules\\mysql2\\promise.js:374:22)\n    at ServicioGestionAprendices.actualizarAprendiz (C:\\Users\\PICHOLO\\Desktop\\gestion_etapa_productiva\\src\\modulos\\administrador\\servicios\\servicioGestionAprendices.js:413:41)\n    at actualizarAprendiz (C:\\Users\\PICHOLO\\Desktop\\gestion_etapa_productiva\\src\\modulos\\administrador\\controladores\\gestionAprendicesControlador.js:337:60)\n    at Layer.handle [as handle_request] (C:\\Users\\PICHOLO\\Desktop\\gestion_etapa_productiva\\node_modules\\express\\lib\\router\\layer.js:95:5)\n    at next (C:\\Users\\PICHOLO\\Desktop\\gestion_etapa_productiva\\node_modules\\express\\lib\\router\\route.js:149:13)\n    at Route.dispatch (C:\\Users\\PICHOLO\\Desktop\\gestion_etapa_productiva\\node_modules\\express\\lib\\router\\route.js:119:3)\n    at Layer.handle [as handle_request] (C:\\Users\\PICHOLO\\Desktop\\gestion_etapa_productiva\\node_modules\\express\\lib\\router\\layer.js:95:5)\n    at C:\\Users\\PICHOLO\\Desktop\\gestion_etapa_productiva\\node_modules\\express\\lib\\router\\index.js:284:15\n    at param (C:\\Users\\PICHOLO\\Desktop\\gestion_etapa_productiva\\node_modules\\express\\lib\\router\\index.js:365:14)\n    at param (C:\\Users\\PICHOLO\\Desktop\\gestion_etapa_productiva\\node_modules\\express\\lib\\router\\index.js:376:14)","timestamp":"2025-10-22T01:48:33.092Z"}
{"level":"info","message":"Servidor corriendo en puerto 3000","timestamp":"2025-10-22T01:49:47.506Z"}
{"code":"WARN_DATA_TRUNCATED","errno":1265,"level":"error","message":"Error al actualizar aprendiz 144: Data truncated for column 'estadoFormacion' at row 1","sql":"UPDATE aprendices SET tipoDocumento = ?, numeroDocumento = ?, estadoFormacion = ?, nombres = ?, primerApellido = ?, segundoApellido = ?, fechaNacimiento = ?, eps = ?, telefonoFijo = ?, celular = ?, direccion = ?, barrio = ?, departamento = ?, municipio = ?, correoElectronico = ?, fechaInicioLectiva = ?, fechaFinLectiva = ?, fechaInicioProductiva = ?, fechaFinProductiva = ?, instructorLectiva = ?, instructorProductiva = ?, numeroFicha = ?, programaFormacion = ?, alternativaSeleccionada = ?, areaFormacion = ?, empresaPatrocinadora = ?, areaPractica = ?, jefeInmediato = ?, telefonoEmpresa = ?, celularEmpresa = ?, direccionEmpresa = ?, correoEmpresa = ?, horario = ? WHERE id = ?","sqlMessage":"Data truncated for column 'estadoFormacion' at row 1","sqlState":"01000","stack":"Error: Data truncated for column 'estadoFormacion' at row 1\n    at PromisePool.execute (C:\\Users\\PICHOLO\\Desktop\\gestion_etapa_productiva\\node_modules\\mysql2\\promise.js:374:22)\n    at ServicioGestionAprendices.actualizarAprendiz (C:\\Users\\PICHOLO\\Desktop\\gestion_etapa_productiva\\src\\modulos\\administrador\\servicios\\servicioGestionAprendices.js:423:41)\n    at actualizarAprendiz (C:\\Users\\PICHOLO\\Desktop\\gestion_etapa_productiva\\src\\modulos\\administrador\\controladores\\gestionAprendicesControlador.js:337:60)\n    at Layer.handle [as handle_request] (C:\\Users\\PICHOLO\\Desktop\\gestion_etapa_productiva\\node_modules\\express\\lib\\router\\layer.js:95:5)\n    at next (C:\\Users\\PICHOLO\\Desktop\\gestion_etapa_productiva\\node_modules\\express\\lib\\router\\route.js:149:13)\n    at Route.dispatch (C:\\Users\\PICHOLO\\Desktop\\gestion_etapa_productiva\\node_modules\\express\\lib\\router\\route.js:119:3)\n    at Layer.handle [as handle_request] (C:\\Users\\PICHOLO\\Desktop\\gestion_etapa_productiva\\node_modules\\express\\lib\\router\\layer.js:95:5)\n    at C:\\Users\\PICHOLO\\Desktop\\gestion_etapa_productiva\\node_modules\\express\\lib\\router\\index.js:284:15\n    at param (C:\\Users\\PICHOLO\\Desktop\\gestion_etapa_productiva\\node_modules\\express\\lib\\router\\index.js:365:14)\n    at param (C:\\Users\\PICHOLO\\Desktop\\gestion_etapa_productiva\\node_modules\\express\\lib\\router\\index.js:376:14)","timestamp":"2025-10-22T01:51:05.585Z"}
{"code":"WARN_DATA_TRUNCATED","errno":1265,"level":"error","message":"Error al actualizar aprendiz: Data truncated for column 'estadoFormacion' at row 1","sql":"UPDATE aprendices SET tipoDocumento = ?, numeroDocumento = ?, estadoFormacion = ?, nombres = ?, primerApellido = ?, segundoApellido = ?, fechaNacimiento = ?, eps = ?, telefonoFijo = ?, celular = ?, direccion = ?, barrio = ?, departamento = ?, municipio = ?, correoElectronico = ?, fechaInicioLectiva = ?, fechaFinLectiva = ?, fechaInicioProductiva = ?, fechaFinProductiva = ?, instructorLectiva = ?, instructorProductiva = ?, numeroFicha = ?, programaFormacion = ?, alternativaSeleccionada = ?, areaFormacion = ?, empresaPatrocinadora = ?, areaPractica = ?, jefeInmediato = ?, telefonoEmpresa = ?, celularEmpresa = ?, direccionEmpresa = ?, correoEmpresa = ?, horario = ? WHERE id = ?","sqlMessage":"Data truncated for column 'estadoFormacion' at row 1","sqlState":"01000","stack":"Error: Data truncated for column 'estadoFormacion' at row 1\n    at PromisePool.execute (C:\\Users\\PICHOLO\\Desktop\\gestion_etapa_productiva\\node_modules\\mysql2\\promise.js:374:22)\n    at ServicioGestionAprendices.actualizarAprendiz (C:\\Users\\PICHOLO\\Desktop\\gestion_etapa_productiva\\src\\modulos\\administrador\\servicios\\servicioGestionAprendices.js:423:41)\n    at actualizarAprendiz (C:\\Users\\PICHOLO\\Desktop\\gestion_etapa_productiva\\src\\modulos\\administrador\\controladores\\gestionAprendicesControlador.js:337:60)\n    at Layer.handle [as handle_request] (C:\\Users\\PICHOLO\\Desktop\\gestion_etapa_productiva\\node_modules\\express\\lib\\router\\layer.js:95:5)\n    at next (C:\\Users\\PICHOLO\\Desktop\\gestion_etapa_productiva\\node_modules\\express\\lib\\router\\route.js:149:13)\n    at Route.dispatch (C:\\Users\\PICHOLO\\Desktop\\gestion_etapa_productiva\\node_modules\\express\\lib\\router\\route.js:119:3)\n    at Layer.handle [as handle_request] (C:\\Users\\PICHOLO\\Desktop\\gestion_etapa_productiva\\node_modules\\express\\lib\\router\\layer.js:95:5)\n    at C:\\Users\\PICHOLO\\Desktop\\gestion_etapa_productiva\\node_modules\\express\\lib\\router\\index.js:284:15\n    at param (C:\\Users\\PICHOLO\\Desktop\\gestion_etapa_productiva\\node_modules\\express\\lib\\router\\index.js:365:14)\n    at param (C:\\Users\\PICHOLO\\Desktop\\gestion_etapa_productiva\\node_modules\\express\\lib\\router\\index.js:376:14)","timestamp":"2025-10-22T01:51:05.588Z"}
{"code":"WARN_DATA_TRUNCATED","errno":1265,"level":"error","message":"Error al actualizar aprendiz 144: Data truncated for column 'estadoFormacion' at row 1","sql":"UPDATE aprendices SET tipoDocumento = ?, numeroDocumento = ?, estadoFormacion = ?, nombres = ?, primerApellido = ?, segundoApellido = ?, fechaNacimiento = ?, eps = ?, telefonoFijo = ?, celular = ?, direccion = ?, barrio = ?, departamento = ?, municipio = ?, correoElectronico = ?, fechaInicioLectiva = ?, fechaFinLectiva = ?, fechaInicioProductiva = ?, fechaFinProductiva = ?, instructorLectiva = ?, instructorProductiva = ?, numeroFicha = ?, programaFormacion = ?, alternativaSeleccionada = ?, areaFormacion = ?, empresaPatrocinadora = ?, areaPractica = ?, jefeInmediato = ?, telefonoEmpresa = ?, celularEmpresa = ?, direccionEmpresa = ?, correoEmpresa = ?, horario = ? WHERE id = ?","sqlMessage":"Data truncated for column 'estadoFormacion' at row 1","sqlState":"01000","stack":"Error: Data truncated for column 'estadoFormacion' at row 1\n    at PromisePool.execute (C:\\Users\\PICHOLO\\Desktop\\gestion_etapa_productiva\\node_modules\\mysql2\\promise.js:374:22)\n    at ServicioGestionAprendices.actualizarAprendiz (C:\\Users\\PICHOLO\\Desktop\\gestion_etapa_productiva\\src\\modulos\\administrador\\servicios\\servicioGestionAprendices.js:423:41)\n    at actualizarAprendiz (C:\\Users\\PICHOLO\\Desktop\\gestion_etapa_productiva\\src\\modulos\\administrador\\controladores\\gestionAprendicesControlador.js:337:60)\n    at Layer.handle [as handle_request] (C:\\Users\\PICHOLO\\Desktop\\gestion_etapa_productiva\\node_modules\\express\\lib\\router\\layer.js:95:5)\n    at next (C:\\Users\\PICHOLO\\Desktop\\gestion_etapa_productiva\\node_modules\\express\\lib\\router\\route.js:149:13)\n    at Route.dispatch (C:\\Users\\PICHOLO\\Desktop\\gestion_etapa_productiva\\node_modules\\express\\lib\\router\\route.js:119:3)\n    at Layer.handle [as handle_request] (C:\\Users\\PICHOLO\\Desktop\\gestion_etapa_productiva\\node_modules\\express\\lib\\router\\layer.js:95:5)\n    at C:\\Users\\PICHOLO\\Desktop\\gestion_etapa_productiva\\node_modules\\express\\lib\\router\\index.js:284:15\n    at param (C:\\Users\\PICHOLO\\Desktop\\gestion_etapa_productiva\\node_modules\\express\\lib\\router\\index.js:365:14)\n    at param (C:\\Users\\PICHOLO\\Desktop\\gestion_etapa_productiva\\node_modules\\express\\lib\\router\\index.js:376:14)","timestamp":"2025-10-22T01:55:06.705Z"}
{"code":"WARN_DATA_TRUNCATED","errno":1265,"level":"error","message":"Error al actualizar aprendiz: Data truncated for column 'estadoFormacion' at row 1","sql":"UPDATE aprendices SET tipoDocumento = ?, numeroDocumento = ?, estadoFormacion = ?, nombres = ?, primerApellido = ?, segundoApellido = ?, fechaNacimiento = ?, eps = ?, telefonoFijo = ?, celular = ?, direccion = ?, barrio = ?, departamento = ?, municipio = ?, correoElectronico = ?, fechaInicioLectiva = ?, fechaFinLectiva = ?, fechaInicioProductiva = ?, fechaFinProductiva = ?, instructorLectiva = ?, instructorProductiva = ?, numeroFicha = ?, programaFormacion = ?, alternativaSeleccionada = ?, areaFormacion = ?, empresaPatrocinadora = ?, areaPractica = ?, jefeInmediato = ?, telefonoEmpresa = ?, celularEmpresa = ?, direccionEmpresa = ?, correoEmpresa = ?, horario = ? WHERE id = ?","sqlMessage":"Data truncated for column 'estadoFormacion' at row 1","sqlState":"01000","stack":"Error: Data truncated for column 'estadoFormacion' at row 1\n    at PromisePool.execute (C:\\Users\\PICHOLO\\Desktop\\gestion_etapa_productiva\\node_modules\\mysql2\\promise.js:374:22)\n    at ServicioGestionAprendices.actualizarAprendiz (C:\\Users\\PICHOLO\\Desktop\\gestion_etapa_productiva\\src\\modulos\\administrador\\servicios\\servicioGestionAprendices.js:423:41)\n    at actualizarAprendiz (C:\\Users\\PICHOLO\\Desktop\\gestion_etapa_productiva\\src\\modulos\\administrador\\controladores\\gestionAprendicesControlador.js:337:60)\n    at Layer.handle [as handle_request] (C:\\Users\\PICHOLO\\Desktop\\gestion_etapa_productiva\\node_modules\\express\\lib\\router\\layer.js:95:5)\n    at next (C:\\Users\\PICHOLO\\Desktop\\gestion_etapa_productiva\\node_modules\\express\\lib\\router\\route.js:149:13)\n    at Route.dispatch (C:\\Users\\PICHOLO\\Desktop\\gestion_etapa_productiva\\node_modules\\express\\lib\\router\\route.js:119:3)\n    at Layer.handle [as handle_request] (C:\\Users\\PICHOLO\\Desktop\\gestion_etapa_productiva\\node_modules\\express\\lib\\router\\layer.js:95:5)\n    at C:\\Users\\PICHOLO\\Desktop\\gestion_etapa_productiva\\node_modules\\express\\lib\\router\\index.js:284:15\n    at param (C:\\Users\\PICHOLO\\Desktop\\gestion_etapa_productiva\\node_modules\\express\\lib\\router\\index.js:365:14)\n    at param (C:\\Users\\PICHOLO\\Desktop\\gestion_etapa_productiva\\node_modules\\express\\lib\\router\\index.js:376:14)","timestamp":"2025-10-22T01:55:06.708Z"}
{"code":"WARN_DATA_TRUNCATED","errno":1265,"level":"error","message":"Error al actualizar aprendiz 144: Data truncated for column 'estadoFormacion' at row 1","sql":"UPDATE aprendices SET tipoDocumento = ?, numeroDocumento = ?, estadoFormacion = ?, nombres = ?, primerApellido = ?, segundoApellido = ?, fechaNacimiento = ?, eps = ?, telefonoFijo = ?, celular = ?, direccion = ?, barrio = ?, departamento = ?, municipio = ?, correoElectronico = ?, fechaInicioLectiva = ?, fechaFinLectiva = ?, fechaInicioProductiva = ?, fechaFinProductiva = ?, instructorLectiva = ?, instructorProductiva = ?, numeroFicha = ?, programaFormacion = ?, alternativaSeleccionada = ?, areaFormacion = ?, empresaPatrocinadora = ?, areaPractica = ?, jefeInmediato = ?, telefonoEmpresa = ?, celularEmpresa = ?, direccionEmpresa = ?, correoEmpresa = ?, horario = ? WHERE id = ?","sqlMessage":"Data truncated for column 'estadoFormacion' at row 1","sqlState":"01000","stack":"Error: Data truncated for column 'estadoFormacion' at row 1\n    at PromisePool.execute (C:\\Users\\PICHOLO\\Desktop\\gestion_etapa_productiva\\node_modules\\mysql2\\promise.js:374:22)\n    at ServicioGestionAprendices.actualizarAprendiz (C:\\Users\\PICHOLO\\Desktop\\gestion_etapa_productiva\\src\\modulos\\administrador\\servicios\\servicioGestionAprendices.js:423:41)\n    at actualizarAprendiz (C:\\Users\\PICHOLO\\Desktop\\gestion_etapa_productiva\\src\\modulos\\administrador\\controladores\\gestionAprendicesControlador.js:337:60)\n    at Layer.handle [as handle_request] (C:\\Users\\PICHOLO\\Desktop\\gestion_etapa_productiva\\node_modules\\express\\lib\\router\\layer.js:95:5)\n    at next (C:\\Users\\PICHOLO\\Desktop\\gestion_etapa_productiva\\node_modules\\express\\lib\\router\\route.js:149:13)\n    at Route.dispatch (C:\\Users\\PICHOLO\\Desktop\\gestion_etapa_productiva\\node_modules\\express\\lib\\router\\route.js:119:3)\n    at Layer.handle [as handle_request] (C:\\Users\\PICHOLO\\Desktop\\gestion_etapa_productiva\\node_modules\\express\\lib\\router\\layer.js:95:5)\n    at C:\\Users\\PICHOLO\\Desktop\\gestion_etapa_productiva\\node_modules\\express\\lib\\router\\index.js:284:15\n    at param (C:\\Users\\PICHOLO\\Desktop\\gestion_etapa_productiva\\node_modules\\express\\lib\\router\\index.js:365:14)\n    at param (C:\\Users\\PICHOLO\\Desktop\\gestion_etapa_productiva\\node_modules\\express\\lib\\router\\index.js:376:14)","timestamp":"2025-10-22T02:37:45.449Z"}
{"code":"WARN_DATA_TRUNCATED","errno":1265,"level":"error","message":"Error al actualizar aprendiz: Data truncated for column 'estadoFormacion' at row 1","sql":"UPDATE aprendices SET tipoDocumento = ?, numeroDocumento = ?, estadoFormacion = ?, nombres = ?, primerApellido = ?, segundoApellido = ?, fechaNacimiento = ?, eps = ?, telefonoFijo = ?, celular = ?, direccion = ?, barrio = ?, departamento = ?, municipio = ?, correoElectronico = ?, fechaInicioLectiva = ?, fechaFinLectiva = ?, fechaInicioProductiva = ?, fechaFinProductiva = ?, instructorLectiva = ?, instructorProductiva = ?, numeroFicha = ?, programaFormacion = ?, alternativaSeleccionada = ?, areaFormacion = ?, empresaPatrocinadora = ?, areaPractica = ?, jefeInmediato = ?, telefonoEmpresa = ?, celularEmpresa = ?, direccionEmpresa = ?, correoEmpresa = ?, horario = ? WHERE id = ?","sqlMessage":"Data truncated for column 'estadoFormacion' at row 1","sqlState":"01000","stack":"Error: Data truncated for column 'estadoFormacion' at row 1\n    at PromisePool.execute (C:\\Users\\PICHOLO\\Desktop\\gestion_etapa_productiva\\node_modules\\mysql2\\promise.js:374:22)\n    at ServicioGestionAprendices.actualizarAprendiz (C:\\Users\\PICHOLO\\Desktop\\gestion_etapa_productiva\\src\\modulos\\administrador\\servicios\\servicioGestionAprendices.js:423:41)\n    at actualizarAprendiz (C:\\Users\\PICHOLO\\Desktop\\gestion_etapa_productiva\\src\\modulos\\administrador\\controladores\\gestionAprendicesControlador.js:337:60)\n    at Layer.handle [as handle_request] (C:\\Users\\PICHOLO\\Desktop\\gestion_etapa_productiva\\node_modules\\express\\lib\\router\\layer.js:95:5)\n    at next (C:\\Users\\PICHOLO\\Desktop\\gestion_etapa_productiva\\node_modules\\express\\lib\\router\\route.js:149:13)\n    at Route.dispatch (C:\\Users\\PICHOLO\\Desktop\\gestion_etapa_productiva\\node_modules\\express\\lib\\router\\route.js:119:3)\n    at Layer.handle [as handle_request] (C:\\Users\\PICHOLO\\Desktop\\gestion_etapa_productiva\\node_modules\\express\\lib\\router\\layer.js:95:5)\n    at C:\\Users\\PICHOLO\\Desktop\\gestion_etapa_productiva\\node_modules\\express\\lib\\router\\index.js:284:15\n    at param (C:\\Users\\PICHOLO\\Desktop\\gestion_etapa_productiva\\node_modules\\express\\lib\\router\\index.js:365:14)\n    at param (C:\\Users\\PICHOLO\\Desktop\\gestion_etapa_productiva\\node_modules\\express\\lib\\router\\index.js:376:14)","timestamp":"2025-10-22T02:37:45.452Z"}
{"code":"ER_BAD_FIELD_ERROR","errno":1054,"level":"error","message":"Error al actualizar aprendiz 144: Unknown column 'estado' in 'OLD'","sql":"UPDATE aprendices SET tipoDocumento = ?, numeroDocumento = ?, estadoFormacion = ?, nombres = ?, primerApellido = ?, segundoApellido = ?, fechaNacimiento = ?, eps = ?, telefonoFijo = ?, celular = ?, direccion = ?, barrio = ?, departamento = ?, municipio = ?, correoElectronico = ?, fechaInicioLectiva = ?, fechaFinLectiva = ?, fechaInicioProductiva = ?, fechaFinProductiva = ?, instructorLectiva = ?, instructorProductiva = ?, numeroFicha = ?, programaFormacion = ?, alternativaSeleccionada = ?, areaFormacion = ?, empresaPatrocinadora = ?, areaPractica = ?, jefeInmediato = ?, telefonoEmpresa = ?, celularEmpresa = ?, direccionEmpresa = ?, correoEmpresa = ?, horario = ? WHERE id = ?","sqlMessage":"Unknown column 'estado' in 'OLD'","sqlState":"42S22","stack":"Error: Unknown column 'estado' in 'OLD'\n    at PromisePool.execute (C:\\Users\\PICHOLO\\Desktop\\gestion_etapa_productiva\\node_modules\\mysql2\\promise.js:374:22)\n    at ServicioGestionAprendices.actualizarAprendiz (C:\\Users\\PICHOLO\\Desktop\\gestion_etapa_productiva\\src\\modulos\\administrador\\servicios\\servicioGestionAprendices.js:423:41)\n    at actualizarAprendiz (C:\\Users\\PICHOLO\\Desktop\\gestion_etapa_productiva\\src\\modulos\\administrador\\controladores\\gestionAprendicesControlador.js:337:60)\n    at Layer.handle [as handle_request] (C:\\Users\\PICHOLO\\Desktop\\gestion_etapa_productiva\\node_modules\\express\\lib\\router\\layer.js:95:5)\n    at next (C:\\Users\\PICHOLO\\Desktop\\gestion_etapa_productiva\\node_modules\\express\\lib\\router\\route.js:149:13)\n    at Route.dispatch (C:\\Users\\PICHOLO\\Desktop\\gestion_etapa_productiva\\node_modules\\express\\lib\\router\\route.js:119:3)\n    at Layer.handle [as handle_request] (C:\\Users\\PICHOLO\\Desktop\\gestion_etapa_productiva\\node_modules\\express\\lib\\router\\layer.js:95:5)\n    at C:\\Users\\PICHOLO\\Desktop\\gestion_etapa_productiva\\node_modules\\express\\lib\\router\\index.js:284:15\n    at param (C:\\Users\\PICHOLO\\Desktop\\gestion_etapa_productiva\\node_modules\\express\\lib\\router\\index.js:365:14)\n    at param (C:\\Users\\PICHOLO\\Desktop\\gestion_etapa_productiva\\node_modules\\express\\lib\\router\\index.js:376:14)","timestamp":"2025-10-22T02:41:26.719Z"}
{"code":"ER_BAD_FIELD_ERROR","errno":1054,"level":"error","message":"Error al actualizar aprendiz: Unknown column 'estado' in 'OLD'","sql":"UPDATE aprendices SET tipoDocumento = ?, numeroDocumento = ?, estadoFormacion = ?, nombres = ?, primerApellido = ?, segundoApellido = ?, fechaNacimiento = ?, eps = ?, telefonoFijo = ?, celular = ?, direccion = ?, barrio = ?, departamento = ?, municipio = ?, correoElectronico = ?, fechaInicioLectiva = ?, fechaFinLectiva = ?, fechaInicioProductiva = ?, fechaFinProductiva = ?, instructorLectiva = ?, instructorProductiva = ?, numeroFicha = ?, programaFormacion = ?, alternativaSeleccionada = ?, areaFormacion = ?, empresaPatrocinadora = ?, areaPractica = ?, jefeInmediato = ?, telefonoEmpresa = ?, celularEmpresa = ?, direccionEmpresa = ?, correoEmpresa = ?, horario = ? WHERE id = ?","sqlMessage":"Unknown column 'estado' in 'OLD'","sqlState":"42S22","stack":"Error: Unknown column 'estado' in 'OLD'\n    at PromisePool.execute (C:\\Users\\PICHOLO\\Desktop\\gestion_etapa_productiva\\node_modules\\mysql2\\promise.js:374:22)\n    at ServicioGestionAprendices.actualizarAprendiz (C:\\Users\\PICHOLO\\Desktop\\gestion_etapa_productiva\\src\\modulos\\administrador\\servicios\\servicioGestionAprendices.js:423:41)\n    at actualizarAprendiz (C:\\Users\\PICHOLO\\Desktop\\gestion_etapa_productiva\\src\\modulos\\administrador\\controladores\\gestionAprendicesControlador.js:337:60)\n    at Layer.handle [as handle_request] (C:\\Users\\PICHOLO\\Desktop\\gestion_etapa_productiva\\node_modules\\express\\lib\\router\\layer.js:95:5)\n    at next (C:\\Users\\PICHOLO\\Desktop\\gestion_etapa_productiva\\node_modules\\express\\lib\\router\\route.js:149:13)\n    at Route.dispatch (C:\\Users\\PICHOLO\\Desktop\\gestion_etapa_productiva\\node_modules\\express\\lib\\router\\route.js:119:3)\n    at Layer.handle [as handle_request] (C:\\Users\\PICHOLO\\Desktop\\gestion_etapa_productiva\\node_modules\\express\\lib\\router\\layer.js:95:5)\n    at C:\\Users\\PICHOLO\\Desktop\\gestion_etapa_productiva\\node_modules\\express\\lib\\router\\index.js:284:15\n    at param (C:\\Users\\PICHOLO\\Desktop\\gestion_etapa_productiva\\node_modules\\express\\lib\\router\\index.js:365:14)\n    at param (C:\\Users\\PICHOLO\\Desktop\\gestion_etapa_productiva\\node_modules\\express\\lib\\router\\index.js:376:14)","timestamp":"2025-10-22T02:41:26.720Z"}
{"level":"info","message":"Servidor corriendo en puerto 3000","timestamp":"2025-10-22T02:49:18.843Z"}
{"camposActualizados":33,"level":"info","message":"Aprendiz 144 actualizado","timestamp":"2025-10-22T02:49:27.881Z"}
{"camposActualizados":33,"level":"info","message":"Aprendiz 144 actualizado","timestamp":"2025-10-22T02:57:40.748Z"}
{"level":"info","message":"Servidor corriendo en puerto 3000","timestamp":"2025-10-22T03:19:28.907Z"}
{"camposActualizados":33,"level":"info","message":"Aprendiz 144 actualizado","timestamp":"2025-10-22T03:22:29.583Z"}
{"level":"info","message":"Servidor corriendo en puerto 3000","timestamp":"2025-10-22T03:35:38.777Z"}
{"level":"info","message":"Servidor corriendo en puerto 3000","timestamp":"2025-10-22T03:36:04.694Z"}
{"camposActualizados":33,"level":"info","message":"Aprendiz 144 actualizado","timestamp":"2025-10-22T03:59:50.976Z"}
{"code":"WARN_DATA_TRUNCATED","errno":1265,"level":"error","message":"Error al actualizar aprendiz 144: Data truncated for column 'accion' at row 1","sql":"UPDATE aprendices SET tipoDocumento = ?, numeroDocumento = ?, estadoFormacion = ?, nombres = ?, primerApellido = ?, segundoApellido = ?, fechaNacimiento = ?, eps = ?, telefonoFijo = ?, celular = ?, direccion = ?, barrio = ?, departamento = ?, municipio = ?, correoElectronico = ?, fechaInicioLectiva = ?, fechaFinLectiva = ?, fechaInicioProductiva = ?, fechaFinProductiva = ?, instructorLectiva = ?, instructorProductiva = ?, numeroFicha = ?, programaFormacion = ?, alternativaSeleccionada = ?, areaFormacion = ?, empresaPatrocinadora = ?, areaPractica = ?, jefeInmediato = ?, telefonoEmpresa = ?, celularEmpresa = ?, direccionEmpresa = ?, correoEmpresa = ?, horario = ? WHERE id = ?","sqlMessage":"Data truncated for column 'accion' at row 1","sqlState":"01000","stack":"Error: Data truncated for column 'accion' at row 1\n    at PromisePool.execute (C:\\Users\\PICHOLO\\Desktop\\gestion_etapa_productiva\\node_modules\\mysql2\\promise.js:374:22)\n    at ServicioGestionAprendices.actualizarAprendiz (C:\\Users\\PICHOLO\\Desktop\\gestion_etapa_productiva\\src\\modulos\\administrador\\servicios\\servicioGestionAprendices.js:426:41)\n    at actualizarAprendiz (C:\\Users\\PICHOLO\\Desktop\\gestion_etapa_productiva\\src\\modulos\\administrador\\controladores\\gestionAprendicesControlador.js:349:60)\n    at Layer.handle [as handle_request] (C:\\Users\\PICHOLO\\Desktop\\gestion_etapa_productiva\\node_modules\\express\\lib\\router\\layer.js:95:5)\n    at next (C:\\Users\\PICHOLO\\Desktop\\gestion_etapa_productiva\\node_modules\\express\\lib\\router\\route.js:149:13)\n    at Route.dispatch (C:\\Users\\PICHOLO\\Desktop\\gestion_etapa_productiva\\node_modules\\express\\lib\\router\\route.js:119:3)\n    at Layer.handle [as handle_request] (C:\\Users\\PICHOLO\\Desktop\\gestion_etapa_productiva\\node_modules\\express\\lib\\router\\layer.js:95:5)\n    at C:\\Users\\PICHOLO\\Desktop\\gestion_etapa_productiva\\node_modules\\express\\lib\\router\\index.js:284:15\n    at param (C:\\Users\\PICHOLO\\Desktop\\gestion_etapa_productiva\\node_modules\\express\\lib\\router\\index.js:365:14)\n    at param (C:\\Users\\PICHOLO\\Desktop\\gestion_etapa_productiva\\node_modules\\express\\lib\\router\\index.js:376:14)","timestamp":"2025-10-22T04:00:22.247Z"}
{"code":"WARN_DATA_TRUNCATED","errno":1265,"level":"error","message":"Error al actualizar aprendiz: Data truncated for column 'accion' at row 1","sql":"UPDATE aprendices SET tipoDocumento = ?, numeroDocumento = ?, estadoFormacion = ?, nombres = ?, primerApellido = ?, segundoApellido = ?, fechaNacimiento = ?, eps = ?, telefonoFijo = ?, celular = ?, direccion = ?, barrio = ?, departamento = ?, municipio = ?, correoElectronico = ?, fechaInicioLectiva = ?, fechaFinLectiva = ?, fechaInicioProductiva = ?, fechaFinProductiva = ?, instructorLectiva = ?, instructorProductiva = ?, numeroFicha = ?, programaFormacion = ?, alternativaSeleccionada = ?, areaFormacion = ?, empresaPatrocinadora = ?, areaPractica = ?, jefeInmediato = ?, telefonoEmpresa = ?, celularEmpresa = ?, direccionEmpresa = ?, correoEmpresa = ?, horario = ? WHERE id = ?","sqlMessage":"Data truncated for column 'accion' at row 1","sqlState":"01000","stack":"Error: Data truncated for column 'accion' at row 1\n    at PromisePool.execute (C:\\Users\\PICHOLO\\Desktop\\gestion_etapa_productiva\\node_modules\\mysql2\\promise.js:374:22)\n    at ServicioGestionAprendices.actualizarAprendiz (C:\\Users\\PICHOLO\\Desktop\\gestion_etapa_productiva\\src\\modulos\\administrador\\servicios\\servicioGestionAprendices.js:426:41)\n    at actualizarAprendiz (C:\\Users\\PICHOLO\\Desktop\\gestion_etapa_productiva\\src\\modulos\\administrador\\controladores\\gestionAprendicesControlador.js:349:60)\n    at Layer.handle [as handle_request] (C:\\Users\\PICHOLO\\Desktop\\gestion_etapa_productiva\\node_modules\\express\\lib\\router\\layer.js:95:5)\n    at next (C:\\Users\\PICHOLO\\Desktop\\gestion_etapa_productiva\\node_modules\\express\\lib\\router\\route.js:149:13)\n    at Route.dispatch (C:\\Users\\PICHOLO\\Desktop\\gestion_etapa_productiva\\node_modules\\express\\lib\\router\\route.js:119:3)\n    at Layer.handle [as handle_request] (C:\\Users\\PICHOLO\\Desktop\\gestion_etapa_productiva\\node_modules\\express\\lib\\router\\layer.js:95:5)\n    at C:\\Users\\PICHOLO\\Desktop\\gestion_etapa_productiva\\node_modules\\express\\lib\\router\\index.js:284:15\n    at param (C:\\Users\\PICHOLO\\Desktop\\gestion_etapa_productiva\\node_modules\\express\\lib\\router\\index.js:365:14)\n    at param (C:\\Users\\PICHOLO\\Desktop\\gestion_etapa_productiva\\node_modules\\express\\lib\\router\\index.js:376:14)","timestamp":"2025-10-22T04:00:22.251Z"}
{"date":"Tue Oct 21 2025 23:00:22 GMT-0500 (hora estándar de Colombia)","error":{},"level":"error","message":"unhandledRejection: id is not defined\nReferenceError: id is not defined\n    at actualizarAprendiz (C:\\Users\\PICHOLO\\Desktop\\gestion_etapa_productiva\\src\\modulos\\administrador\\controladores\\gestionAprendicesControlador.js:394:67)\n    at process.processTicksAndRejections (node:internal/process/task_queues:105:5)","os":{"loadavg":[0,0,0],"uptime":30140.296},"process":{"argv":["C:\\Program Files\\nodejs\\node.exe","C:\\Users\\PICHOLO\\Desktop\\gestion_etapa_productiva\\src\\servidor.js"],"cwd":"C:\\Users\\PICHOLO\\Desktop\\gestion_etapa_productiva","execPath":"C:\\Program Files\\nodejs\\node.exe","gid":null,"memoryUsage":{"arrayBuffers":681338,"external":4258172,"heapTotal":43806720,"heapUsed":42005032,"rss":30138368},"pid":1312,"uid":null,"version":"v22.15.1"},"rejection":true,"stack":"ReferenceError: id is not defined\n    at actualizarAprendiz (C:\\Users\\PICHOLO\\Desktop\\gestion_etapa_productiva\\src\\modulos\\administrador\\controladores\\gestionAprendicesControlador.js:394:67)\n    at process.processTicksAndRejections (node:internal/process/task_queues:105:5)","timestamp":"2025-10-22T04:00:22.279Z","trace":[{"column":67,"file":"C:\\Users\\PICHOLO\\Desktop\\gestion_etapa_productiva\\src\\modulos\\administrador\\controladores\\gestionAprendicesControlador.js","function":"actualizarAprendiz","line":394,"method":null,"native":false},{"column":5,"file":"node:internal/process/task_queues","function":"process.processTicksAndRejections","line":105,"method":"processTicksAndRejections","native":false}]}
{"code":"WARN_DATA_TRUNCATED","errno":1265,"level":"error","message":"Error al actualizar aprendiz 144: Data truncated for column 'accion' at row 1","sql":"UPDATE aprendices SET tipoDocumento = ?, numeroDocumento = ?, estadoFormacion = ?, nombres = ?, primerApellido = ?, segundoApellido = ?, fechaNacimiento = ?, eps = ?, telefonoFijo = ?, celular = ?, direccion = ?, barrio = ?, departamento = ?, municipio = ?, correoElectronico = ?, fechaInicioLectiva = ?, fechaFinLectiva = ?, fechaInicioProductiva = ?, fechaFinProductiva = ?, instructorLectiva = ?, instructorProductiva = ?, numeroFicha = ?, programaFormacion = ?, alternativaSeleccionada = ?, areaFormacion = ?, empresaPatrocinadora = ?, areaPractica = ?, jefeInmediato = ?, telefonoEmpresa = ?, celularEmpresa = ?, direccionEmpresa = ?, correoEmpresa = ?, horario = ? WHERE id = ?","sqlMessage":"Data truncated for column 'accion' at row 1","sqlState":"01000","stack":"Error: Data truncated for column 'accion' at row 1\n    at PromisePool.execute (C:\\Users\\PICHOLO\\Desktop\\gestion_etapa_productiva\\node_modules\\mysql2\\promise.js:374:22)\n    at ServicioGestionAprendices.actualizarAprendiz (C:\\Users\\PICHOLO\\Desktop\\gestion_etapa_productiva\\src\\modulos\\administrador\\servicios\\servicioGestionAprendices.js:426:41)\n    at actualizarAprendiz (C:\\Users\\PICHOLO\\Desktop\\gestion_etapa_productiva\\src\\modulos\\administrador\\controladores\\gestionAprendicesControlador.js:349:60)\n    at Layer.handle [as handle_request] (C:\\Users\\PICHOLO\\Desktop\\gestion_etapa_productiva\\node_modules\\express\\lib\\router\\layer.js:95:5)\n    at next (C:\\Users\\PICHOLO\\Desktop\\gestion_etapa_productiva\\node_modules\\express\\lib\\router\\route.js:149:13)\n    at Route.dispatch (C:\\Users\\PICHOLO\\Desktop\\gestion_etapa_productiva\\node_modules\\express\\lib\\router\\route.js:119:3)\n    at Layer.handle [as handle_request] (C:\\Users\\PICHOLO\\Desktop\\gestion_etapa_productiva\\node_modules\\express\\lib\\router\\layer.js:95:5)\n    at C:\\Users\\PICHOLO\\Desktop\\gestion_etapa_productiva\\node_modules\\express\\lib\\router\\index.js:284:15\n    at param (C:\\Users\\PICHOLO\\Desktop\\gestion_etapa_productiva\\node_modules\\express\\lib\\router\\index.js:365:14)\n    at param (C:\\Users\\PICHOLO\\Desktop\\gestion_etapa_productiva\\node_modules\\express\\lib\\router\\index.js:376:14)","timestamp":"2025-10-22T04:00:48.833Z"}
{"code":"WARN_DATA_TRUNCATED","errno":1265,"level":"error","message":"Error al actualizar aprendiz: Data truncated for column 'accion' at row 1","sql":"UPDATE aprendices SET tipoDocumento = ?, numeroDocumento = ?, estadoFormacion = ?, nombres = ?, primerApellido = ?, segundoApellido = ?, fechaNacimiento = ?, eps = ?, telefonoFijo = ?, celular = ?, direccion = ?, barrio = ?, departamento = ?, municipio = ?, correoElectronico = ?, fechaInicioLectiva = ?, fechaFinLectiva = ?, fechaInicioProductiva = ?, fechaFinProductiva = ?, instructorLectiva = ?, instructorProductiva = ?, numeroFicha = ?, programaFormacion = ?, alternativaSeleccionada = ?, areaFormacion = ?, empresaPatrocinadora = ?, areaPractica = ?, jefeInmediato = ?, telefonoEmpresa = ?, celularEmpresa = ?, direccionEmpresa = ?, correoEmpresa = ?, horario = ? WHERE id = ?","sqlMessage":"Data truncated for column 'accion' at row 1","sqlState":"01000","stack":"Error: Data truncated for column 'accion' at row 1\n    at PromisePool.execute (C:\\Users\\PICHOLO\\Desktop\\gestion_etapa_productiva\\node_modules\\mysql2\\promise.js:374:22)\n    at ServicioGestionAprendices.actualizarAprendiz (C:\\Users\\PICHOLO\\Desktop\\gestion_etapa_productiva\\src\\modulos\\administrador\\servicios\\servicioGestionAprendices.js:426:41)\n    at actualizarAprendiz (C:\\Users\\PICHOLO\\Desktop\\gestion_etapa_productiva\\src\\modulos\\administrador\\controladores\\gestionAprendicesControlador.js:349:60)\n    at Layer.handle [as handle_request] (C:\\Users\\PICHOLO\\Desktop\\gestion_etapa_productiva\\node_modules\\express\\lib\\router\\layer.js:95:5)\n    at next (C:\\Users\\PICHOLO\\Desktop\\gestion_etapa_productiva\\node_modules\\express\\lib\\router\\route.js:149:13)\n    at Route.dispatch (C:\\Users\\PICHOLO\\Desktop\\gestion_etapa_productiva\\node_modules\\express\\lib\\router\\route.js:119:3)\n    at Layer.handle [as handle_request] (C:\\Users\\PICHOLO\\Desktop\\gestion_etapa_productiva\\node_modules\\express\\lib\\router\\layer.js:95:5)\n    at C:\\Users\\PICHOLO\\Desktop\\gestion_etapa_productiva\\node_modules\\express\\lib\\router\\index.js:284:15\n    at param (C:\\Users\\PICHOLO\\Desktop\\gestion_etapa_productiva\\node_modules\\express\\lib\\router\\index.js:365:14)\n    at param (C:\\Users\\PICHOLO\\Desktop\\gestion_etapa_productiva\\node_modules\\express\\lib\\router\\index.js:376:14)","timestamp":"2025-10-22T04:00:48.836Z"}
{"date":"Tue Oct 21 2025 23:00:48 GMT-0500 (hora estándar de Colombia)","error":{},"level":"error","message":"unhandledRejection: id is not defined\nReferenceError: id is not defined\n    at actualizarAprendiz (C:\\Users\\PICHOLO\\Desktop\\gestion_etapa_productiva\\src\\modulos\\administrador\\controladores\\gestionAprendicesControlador.js:394:67)\n    at process.processTicksAndRejections (node:internal/process/task_queues:105:5)","os":{"loadavg":[0,0,0],"uptime":30166.875},"process":{"argv":["C:\\Program Files\\nodejs\\node.exe","C:\\Users\\PICHOLO\\Desktop\\gestion_etapa_productiva\\src\\servidor.js"],"cwd":"C:\\Users\\PICHOLO\\Desktop\\gestion_etapa_productiva","execPath":"C:\\Program Files\\nodejs\\node.exe","gid":null,"memoryUsage":{"arrayBuffers":680666,"external":4257540,"heapTotal":45117440,"heapUsed":42218416,"rss":31948800},"pid":1312,"uid":null,"version":"v22.15.1"},"rejection":true,"stack":"ReferenceError: id is not defined\n    at actualizarAprendiz (C:\\Users\\PICHOLO\\Desktop\\gestion_etapa_productiva\\src\\modulos\\administrador\\controladores\\gestionAprendicesControlador.js:394:67)\n    at process.processTicksAndRejections (node:internal/process/task_queues:105:5)","timestamp":"2025-10-22T04:00:48.840Z","trace":[{"column":67,"file":"C:\\Users\\PICHOLO\\Desktop\\gestion_etapa_productiva\\src\\modulos\\administrador\\controladores\\gestionAprendicesControlador.js","function":"actualizarAprendiz","line":394,"method":null,"native":false},{"column":5,"file":"node:internal/process/task_queues","function":"process.processTicksAndRejections","line":105,"method":"processTicksAndRejections","native":false}]}
{"code":"WARN_DATA_TRUNCATED","errno":1265,"level":"error","message":"Error al actualizar aprendiz 144: Data truncated for column 'accion' at row 1","sql":"UPDATE aprendices SET tipoDocumento = ?, numeroDocumento = ?, estadoFormacion = ?, nombres = ?, primerApellido = ?, segundoApellido = ?, fechaNacimiento = ?, eps = ?, telefonoFijo = ?, celular = ?, direccion = ?, barrio = ?, departamento = ?, municipio = ?, correoElectronico = ?, fechaInicioLectiva = ?, fechaFinLectiva = ?, fechaInicioProductiva = ?, fechaFinProductiva = ?, instructorLectiva = ?, instructorProductiva = ?, numeroFicha = ?, programaFormacion = ?, alternativaSeleccionada = ?, areaFormacion = ?, empresaPatrocinadora = ?, areaPractica = ?, jefeInmediato = ?, telefonoEmpresa = ?, celularEmpresa = ?, direccionEmpresa = ?, correoEmpresa = ?, horario = ? WHERE id = ?","sqlMessage":"Data truncated for column 'accion' at row 1","sqlState":"01000","stack":"Error: Data truncated for column 'accion' at row 1\n    at PromisePool.execute (C:\\Users\\PICHOLO\\Desktop\\gestion_etapa_productiva\\node_modules\\mysql2\\promise.js:374:22)\n    at ServicioGestionAprendices.actualizarAprendiz (C:\\Users\\PICHOLO\\Desktop\\gestion_etapa_productiva\\src\\modulos\\administrador\\servicios\\servicioGestionAprendices.js:426:41)\n    at actualizarAprendiz (C:\\Users\\PICHOLO\\Desktop\\gestion_etapa_productiva\\src\\modulos\\administrador\\controladores\\gestionAprendicesControlador.js:349:60)\n    at Layer.handle [as handle_request] (C:\\Users\\PICHOLO\\Desktop\\gestion_etapa_productiva\\node_modules\\express\\lib\\router\\layer.js:95:5)\n    at next (C:\\Users\\PICHOLO\\Desktop\\gestion_etapa_productiva\\node_modules\\express\\lib\\router\\route.js:149:13)\n    at Route.dispatch (C:\\Users\\PICHOLO\\Desktop\\gestion_etapa_productiva\\node_modules\\express\\lib\\router\\route.js:119:3)\n    at Layer.handle [as handle_request] (C:\\Users\\PICHOLO\\Desktop\\gestion_etapa_productiva\\node_modules\\express\\lib\\router\\layer.js:95:5)\n    at C:\\Users\\PICHOLO\\Desktop\\gestion_etapa_productiva\\node_modules\\express\\lib\\router\\index.js:284:15\n    at param (C:\\Users\\PICHOLO\\Desktop\\gestion_etapa_productiva\\node_modules\\express\\lib\\router\\index.js:365:14)\n    at param (C:\\Users\\PICHOLO\\Desktop\\gestion_etapa_productiva\\node_modules\\express\\lib\\router\\index.js:376:14)","timestamp":"2025-10-22T04:05:33.145Z"}
{"code":"WARN_DATA_TRUNCATED","errno":1265,"level":"error","message":"Error al actualizar aprendiz: Data truncated for column 'accion' at row 1","sql":"UPDATE aprendices SET tipoDocumento = ?, numeroDocumento = ?, estadoFormacion = ?, nombres = ?, primerApellido = ?, segundoApellido = ?, fechaNacimiento = ?, eps = ?, telefonoFijo = ?, celular = ?, direccion = ?, barrio = ?, departamento = ?, municipio = ?, correoElectronico = ?, fechaInicioLectiva = ?, fechaFinLectiva = ?, fechaInicioProductiva = ?, fechaFinProductiva = ?, instructorLectiva = ?, instructorProductiva = ?, numeroFicha = ?, programaFormacion = ?, alternativaSeleccionada = ?, areaFormacion = ?, empresaPatrocinadora = ?, areaPractica = ?, jefeInmediato = ?, telefonoEmpresa = ?, celularEmpresa = ?, direccionEmpresa = ?, correoEmpresa = ?, horario = ? WHERE id = ?","sqlMessage":"Data truncated for column 'accion' at row 1","sqlState":"01000","stack":"Error: Data truncated for column 'accion' at row 1\n    at PromisePool.execute (C:\\Users\\PICHOLO\\Desktop\\gestion_etapa_productiva\\node_modules\\mysql2\\promise.js:374:22)\n    at ServicioGestionAprendices.actualizarAprendiz (C:\\Users\\PICHOLO\\Desktop\\gestion_etapa_productiva\\src\\modulos\\administrador\\servicios\\servicioGestionAprendices.js:426:41)\n    at actualizarAprendiz (C:\\Users\\PICHOLO\\Desktop\\gestion_etapa_productiva\\src\\modulos\\administrador\\controladores\\gestionAprendicesControlador.js:349:60)\n    at Layer.handle [as handle_request] (C:\\Users\\PICHOLO\\Desktop\\gestion_etapa_productiva\\node_modules\\express\\lib\\router\\layer.js:95:5)\n    at next (C:\\Users\\PICHOLO\\Desktop\\gestion_etapa_productiva\\node_modules\\express\\lib\\router\\route.js:149:13)\n    at Route.dispatch (C:\\Users\\PICHOLO\\Desktop\\gestion_etapa_productiva\\node_modules\\express\\lib\\router\\route.js:119:3)\n    at Layer.handle [as handle_request] (C:\\Users\\PICHOLO\\Desktop\\gestion_etapa_productiva\\node_modules\\express\\lib\\router\\layer.js:95:5)\n    at C:\\Users\\PICHOLO\\Desktop\\gestion_etapa_productiva\\node_modules\\express\\lib\\router\\index.js:284:15\n    at param (C:\\Users\\PICHOLO\\Desktop\\gestion_etapa_productiva\\node_modules\\express\\lib\\router\\index.js:365:14)\n    at param (C:\\Users\\PICHOLO\\Desktop\\gestion_etapa_productiva\\node_modules\\express\\lib\\router\\index.js:376:14)","timestamp":"2025-10-22T04:05:33.149Z"}
{"date":"Tue Oct 21 2025 23:05:33 GMT-0500 (hora estándar de Colombia)","error":{},"level":"error","message":"unhandledRejection: id is not defined\nReferenceError: id is not defined\n    at actualizarAprendiz (C:\\Users\\PICHOLO\\Desktop\\gestion_etapa_productiva\\src\\modulos\\administrador\\controladores\\gestionAprendicesControlador.js:394:67)\n    at process.processTicksAndRejections (node:internal/process/task_queues:105:5)","os":{"loadavg":[0,0,0],"uptime":30451.187},"process":{"argv":["C:\\Program Files\\nodejs\\node.exe","C:\\Users\\PICHOLO\\Desktop\\gestion_etapa_productiva\\src\\servidor.js"],"cwd":"C:\\Users\\PICHOLO\\Desktop\\gestion_etapa_productiva","execPath":"C:\\Program Files\\nodejs\\node.exe","gid":null,"memoryUsage":{"arrayBuffers":452082,"external":4024552,"heapTotal":37851136,"heapUsed":34267480,"rss":33468416},"pid":1312,"uid":null,"version":"v22.15.1"},"rejection":true,"stack":"ReferenceError: id is not defined\n    at actualizarAprendiz (C:\\Users\\PICHOLO\\Desktop\\gestion_etapa_productiva\\src\\modulos\\administrador\\controladores\\gestionAprendicesControlador.js:394:67)\n    at process.processTicksAndRejections (node:internal/process/task_queues:105:5)","timestamp":"2025-10-22T04:05:33.155Z","trace":[{"column":67,"file":"C:\\Users\\PICHOLO\\Desktop\\gestion_etapa_productiva\\src\\modulos\\administrador\\controladores\\gestionAprendicesControlador.js","function":"actualizarAprendiz","line":394,"method":null,"native":false},{"column":5,"file":"node:internal/process/task_queues","function":"process.processTicksAndRejections","line":105,"method":"processTicksAndRejections","native":false}]}
{"level":"info","message":"Servidor corriendo en puerto 3000","timestamp":"2025-10-22T04:12:23.324Z"}
{"camposActualizados":33,"level":"info","message":"Aprendiz 144 actualizado","timestamp":"2025-10-22T04:12:38.444Z"}
{"camposActualizados":33,"level":"info","message":"Aprendiz 144 actualizado","timestamp":"2025-10-22T04:12:53.190Z"}
{"level":"info","message":"Servidor corriendo en puerto 3000","timestamp":"2025-10-22T04:13:41.667Z"}
{"camposActualizados":33,"level":"info","message":"Aprendiz 144 actualizado","timestamp":"2025-10-22T04:14:06.615Z"}
{"camposActualizados":33,"level":"info","message":"Aprendiz 144 actualizado","timestamp":"2025-10-22T04:14:42.359Z"}
{"camposActualizados":33,"level":"info","message":"Aprendiz 144 actualizado","timestamp":"2025-10-22T04:15:23.122Z"}
{"camposActualizados":33,"level":"info","message":"Aprendiz 144 actualizado","timestamp":"2025-10-22T04:16:02.174Z"}
{"camposActualizados":33,"level":"info","message":"Aprendiz 144 actualizado","timestamp":"2025-10-22T04:19:55.250Z"}
{"camposActualizados":33,"level":"info","message":"Aprendiz 144 actualizado","timestamp":"2025-10-22T04:41:11.159Z"}
{"level":"info","message":"Servidor corriendo en puerto 3000","timestamp":"2025-10-22T05:05:18.843Z"}
{"camposActualizados":33,"level":"info","message":"Aprendiz 144 actualizado","timestamp":"2025-10-22T05:10:50.972Z"}
{"camposActualizados":33,"level":"info","message":"Aprendiz 144 actualizado","timestamp":"2025-10-22T05:26:45.857Z"}
{"camposActualizados":33,"level":"info","message":"Aprendiz 196 actualizado","timestamp":"2025-10-22T05:34:40.198Z"}
{"camposActualizados":33,"level":"info","message":"Aprendiz 144 actualizado","timestamp":"2025-10-22T05:43:05.469Z"}
{"camposActualizados":33,"level":"info","message":"Aprendiz 144 actualizado","timestamp":"2025-10-22T05:44:28.340Z"}
{"camposActualizados":33,"level":"info","message":"Aprendiz 144 actualizado","timestamp":"2025-10-22T05:50:57.064Z"}
{"level":"info","message":"Servidor corriendo en puerto 3000","timestamp":"2025-10-22T05:52:51.379Z"}
{"camposActualizados":33,"level":"info","message":"Aprendiz 144 actualizado","timestamp":"2025-10-22T05:53:53.820Z"}
{"camposActualizados":33,"level":"info","message":"Aprendiz 201 actualizado","timestamp":"2025-10-22T05:55:10.847Z"}
{"camposActualizados":33,"level":"info","message":"Aprendiz 201 actualizado","timestamp":"2025-10-22T05:55:59.131Z"}
{"camposActualizados":33,"level":"info","message":"Aprendiz 212 actualizado","timestamp":"2025-10-22T05:58:18.737Z"}
{"level":"info","message":"Servidor corriendo en puerto 3000","timestamp":"2025-10-23T00:32:46.861Z"}
{"camposActualizados":33,"level":"info","message":"Aprendiz 144 actualizado","timestamp":"2025-10-23T00:35:22.035Z"}
{"camposActualizados":33,"level":"info","message":"Aprendiz 144 actualizado","timestamp":"2025-10-23T00:54:38.362Z"}
{"level":"info","message":"Servidor corriendo en puerto 3000","timestamp":"2025-10-23T01:03:02.231Z"}
{"level":"info","message":"Servidor corriendo en puerto 3000","timestamp":"2025-10-23T01:07:29.964Z"}
{"level":"info","message":"Servidor corriendo en puerto 3000","timestamp":"2025-10-23T01:21:45.614Z"}
{"camposActualizados":33,"level":"info","message":"Aprendiz 12 actualizado","timestamp":"2025-10-23T01:23:10.711Z"}
{"camposActualizados":33,"level":"info","message":"Aprendiz 12 actualizado","timestamp":"2025-10-23T01:29:06.353Z"}
{"camposActualizados":33,"level":"info","message":"Aprendiz 144 actualizado","timestamp":"2025-10-23T01:29:30.997Z"}
{"camposActualizados":33,"level":"info","message":"Aprendiz 201 actualizado","timestamp":"2025-10-23T01:29:56.125Z"}
{"level":"info","message":"Servidor corriendo en puerto 3000","timestamp":"2025-10-23T02:02:45.282Z"}
{"level":"info","message":"Servidor corriendo en puerto 3000","timestamp":"2025-10-23T02:10:16.676Z"}
{"level":"info","message":"Servidor corriendo en puerto 3000","timestamp":"2025-10-23T02:10:25.408Z"}
{"level":"info","message":"Servidor corriendo en puerto 3000","timestamp":"2025-10-23T02:55:16.190Z"}
{"level":"info","message":"Servidor corriendo en puerto 3000","timestamp":"2025-10-23T03:30:42.558Z"}
{"level":"info","message":"Servidor corriendo en puerto 3000","timestamp":"2025-10-23T03:37:35.675Z"}
{"level":"info","message":"Servidor corriendo en puerto 3000","timestamp":"2025-10-23T03:37:59.242Z"}
{"level":"info","message":"Servidor corriendo en puerto 3000","timestamp":"2025-10-23T03:38:21.301Z"}
{"level":"info","message":"Servidor corriendo en puerto 3000","timestamp":"2025-10-23T03:38:38.239Z"}
{"level":"info","message":"Servidor corriendo en puerto 3000","timestamp":"2025-10-23T03:38:48.796Z"}
{"level":"info","message":"Servidor corriendo en puerto 3000","timestamp":"2025-10-23T03:44:55.248Z"}
{"level":"info","message":"Servidor corriendo en puerto 3000","timestamp":"2025-10-23T03:45:12.087Z"}
{"level":"info","message":"Servidor corriendo en puerto 3000","timestamp":"2025-10-23T03:59:42.899Z"}
{"level":"info","message":"Servidor corriendo en puerto 3000","timestamp":"2025-10-23T03:59:58.949Z"}
{"level":"info","message":"Servidor corriendo en puerto 3000","timestamp":"2025-10-24T01:36:55.706Z"}
{"level":"info","message":"Servidor corriendo en puerto 3000","timestamp":"2025-10-24T01:44:06.775Z"}
{"level":"info","message":"Servidor corriendo en puerto 3000","timestamp":"2025-10-24T02:02:26.267Z"}
{"level":"info","message":"Servidor corriendo en puerto 3000","timestamp":"2025-10-24T02:58:17.847Z"}
{"level":"info","message":"Servidor corriendo en puerto 3000","timestamp":"2025-10-24T03:00:50.648Z"}
{"level":"info","message":"Servidor corriendo en puerto 3000","timestamp":"2025-10-24T03:03:19.346Z"}
{"level":"info","message":"Servidor corriendo en puerto 3000","timestamp":"2025-10-24T03:03:58.342Z"}
{"level":"info","message":"Servidor corriendo en puerto 3000","timestamp":"2025-10-24T03:05:13.605Z"}
{"level":"info","message":"Servidor corriendo en puerto 3000","timestamp":"2025-10-24T03:11:58.286Z"}
{"level":"info","message":"Servidor corriendo en puerto 3000","timestamp":"2025-10-24T03:12:08.265Z"}
{"level":"info","message":"Servidor corriendo en puerto 3000","timestamp":"2025-10-24T03:12:22.816Z"}
{"level":"info","message":"Servidor corriendo en puerto 3000","timestamp":"2025-10-24T03:35:18.985Z"}
{"level":"info","message":"Servidor corriendo en puerto 3000","timestamp":"2025-10-24T03:58:17.237Z"}
{"level":"info","message":"Servidor corriendo en puerto 3000","timestamp":"2025-10-24T04:06:19.322Z"}
{"level":"info","message":"Servidor corriendo en puerto 3000","timestamp":"2025-10-25T00:48:32.087Z"}
{"level":"info","message":"Servidor corriendo en puerto 3000","timestamp":"2025-10-25T00:54:34.897Z"}
{"level":"info","message":"Servidor corriendo en puerto 3000","timestamp":"2025-10-25T00:54:54.435Z"}
{"level":"info","message":"Servidor corriendo en puerto 3000","timestamp":"2025-10-25T00:55:19.835Z"}
{"level":"info","message":"Servidor corriendo en puerto 3000","timestamp":"2025-10-25T00:55:31.482Z"}
{"level":"info","message":"Servidor corriendo en puerto 3000","timestamp":"2025-10-25T01:03:51.057Z"}
{"level":"info","message":"Servidor corriendo en puerto 3000","timestamp":"2025-10-25T01:19:41.487Z"}
{"level":"info","message":"Servidor corriendo en puerto 3000","timestamp":"2025-10-25T01:50:12.335Z"}
{"level":"info","message":"Servidor corriendo en puerto 3000","timestamp":"2025-10-25T02:57:20.825Z"}
{"level":"info","message":"Servidor corriendo en puerto 3000","timestamp":"2025-10-25T03:33:28.266Z"}
{"level":"info","message":"Servidor corriendo en puerto 3000","timestamp":"2025-10-25T03:38:04.576Z"}
{"camposActualizados":33,"level":"info","message":"Aprendiz 12 actualizado","timestamp":"2025-10-25T03:41:28.151Z"}
{"level":"info","message":"Servidor corriendo en puerto 3000","timestamp":"2025-10-25T03:43:42.099Z"}
{"level":"info","message":"Servidor corriendo en puerto 3000","timestamp":"2025-10-25T03:47:26.523Z"}
{"level":"info","message":"Servidor corriendo en puerto 3000","timestamp":"2025-10-25T03:48:28.172Z"}
{"level":"info","message":"Servidor corriendo en puerto 3000","timestamp":"2025-10-25T03:51:46.652Z"}
{"level":"info","message":"Servidor corriendo en puerto 3000","timestamp":"2025-10-25T03:52:11.473Z"}
{"camposActualizados":33,"level":"info","message":"Aprendiz 175 actualizado","timestamp":"2025-10-25T03:57:14.752Z"}
{"camposActualizados":33,"level":"info","message":"Aprendiz 175 actualizado","timestamp":"2025-10-25T03:57:52.303Z"}
{"level":"info","message":"Servidor corriendo en puerto 3000","timestamp":"2025-10-26T02:49:38.680Z"}
{"level":"info","message":"Servidor corriendo en puerto 3000","timestamp":"2025-10-26T04:18:29.747Z"}
{"level":"info","message":"Servidor corriendo en puerto 3000","timestamp":"2025-10-26T04:21:07.815Z"}
{"level":"info","message":"Servidor corriendo en puerto 3000","timestamp":"2025-10-26T04:21:39.450Z"}
{"level":"info","message":"Servidor corriendo en puerto 3000","timestamp":"2025-10-26T04:30:20.747Z"}
{"level":"info","message":"Servidor corriendo en puerto 3000","timestamp":"2025-10-26T04:31:42.747Z"}
{"level":"info","message":"Servidor corriendo en puerto 3000","timestamp":"2025-10-29T00:30:01.663Z"}
{"level":"info","message":"Servidor corriendo en puerto 3000","timestamp":"2025-10-29T01:36:48.674Z"}
{"level":"info","message":"Servidor corriendo en puerto 3000","timestamp":"2025-10-29T03:22:13.882Z"}
{"level":"info","message":"Servidor corriendo en puerto 3000","timestamp":"2025-10-29T03:22:40.882Z"}
{"level":"info","message":"Servidor corriendo en puerto 3000","timestamp":"2025-10-29T03:37:18.313Z"}
{"level":"info","message":"Servidor corriendo en puerto 3000","timestamp":"2025-10-29T03:37:37.695Z"}
{"level":"info","message":"Servidor corriendo en puerto 3000","timestamp":"2025-10-29T03:37:52.383Z"}
{"level":"info","message":"Servidor corriendo en puerto 3000","timestamp":"2025-10-29T03:38:11.903Z"}
{"level":"info","message":"Servidor corriendo en puerto 3000","timestamp":"2025-10-29T03:44:02.664Z"}
{"level":"info","message":"Servidor corriendo en puerto 3000","timestamp":"2025-10-29T03:44:28.821Z"}
{"level":"info","message":"Servidor corriendo en puerto 3000","timestamp":"2025-10-29T03:45:17.205Z"}
{"level":"info","message":"Servidor corriendo en puerto 3000","timestamp":"2025-10-29T03:45:45.183Z"}
{"level":"info","message":"Servidor corriendo en puerto 3000","timestamp":"2025-10-29T03:57:51.948Z"}
{"level":"info","message":"Servidor corriendo en puerto 3000","timestamp":"2025-10-29T03:58:13.528Z"}
{"level":"info","message":"Servidor corriendo en puerto 3000","timestamp":"2025-10-29T04:03:41.302Z"}
{"level":"info","message":"Servidor corriendo en puerto 3000","timestamp":"2025-10-29T04:18:53.987Z"}
{"level":"info","message":"Servidor corriendo en puerto 3000","timestamp":"2025-10-30T00:21:31.800Z"}
{"level":"info","message":"Servidor corriendo en puerto 3000","timestamp":"2025-10-30T00:52:21.519Z"}
{"level":"info","message":"Servidor corriendo en puerto 3000","timestamp":"2025-10-30T21:21:17.277Z"}
{"level":"info","message":"Servidor corriendo en puerto 3000","timestamp":"2025-10-30T21:32:06.486Z"}
{"level":"info","message":"Servidor corriendo en puerto 3000","timestamp":"2025-10-30T21:32:58.826Z"}
{"level":"info","message":"Servidor corriendo en puerto 3000","timestamp":"2025-10-30T21:33:52.981Z"}
{"level":"info","message":"Servidor corriendo en puerto 3000","timestamp":"2025-10-30T21:34:47.893Z"}
{"level":"info","message":"Servidor corriendo en puerto 3000","timestamp":"2025-10-30T21:35:52.052Z"}
{"level":"info","message":"Servidor corriendo en puerto 3000","timestamp":"2025-10-30T21:37:00.045Z"}
{"level":"info","message":"Servidor corriendo en puerto 3000","timestamp":"2025-10-31T19:26:22.453Z"}
{"camposActualizados":33,"level":"info","message":"Aprendiz 124 actualizado","timestamp":"2025-10-31T19:52:18.506Z"}
{"camposActualizados":33,"level":"info","message":"Aprendiz 144 actualizado","timestamp":"2025-10-31T19:53:03.391Z"}
{"level":"info","message":"Servidor corriendo en puerto 3000","timestamp":"2025-11-01T02:07:14.536Z"}
{"camposActualizados":33,"level":"info","message":"Aprendiz 144 actualizado","timestamp":"2025-11-01T02:08:37.187Z"}
{"level":"info","message":"Servidor corriendo en puerto 3000","timestamp":"2025-11-01T02:59:28.401Z"}
{"level":"info","message":"Servidor corriendo en puerto 3000","timestamp":"2025-11-01T03:16:47.349Z"}
{"level":"info","message":"Servidor corriendo en puerto 3000","timestamp":"2025-11-01T03:16:58.090Z"}
{"level":"info","message":"Servidor corriendo en puerto 3000","timestamp":"2025-11-01T03:18:31.867Z"}
{"level":"info","message":"Servidor corriendo en puerto 3000","timestamp":"2025-11-01T03:21:28.322Z"}
{"level":"info","message":"Servidor corriendo en puerto 3000","timestamp":"2025-11-01T03:29:18.481Z"}
{"level":"info","message":"Servidor corriendo en puerto 3000","timestamp":"2025-11-01T03:52:19.043Z"}
{"level":"info","message":"Servidor corriendo en puerto 3000","timestamp":"2025-11-01T03:52:45.754Z"}
{"level":"info","message":"Servidor corriendo en puerto 3000","timestamp":"2025-11-01T03:57:32.473Z"}
{"level":"info","message":"Servidor corriendo en puerto 3000","timestamp":"2025-11-01T04:10:55.319Z"}
{"level":"info","message":"Servidor corriendo en puerto 3000","timestamp":"2025-11-01T04:11:18.045Z"}
{"level":"info","message":"Servidor corriendo en puerto 3000","timestamp":"2025-11-01T04:14:13.903Z"}
{"level":"info","message":"Servidor corriendo en puerto 3000","timestamp":"2025-11-01T04:15:37.578Z"}
{"level":"info","message":"Servidor corriendo en puerto 3000","timestamp":"2025-11-01T04:16:31.866Z"}
{"level":"info","message":"Servidor corriendo en puerto 3000","timestamp":"2025-11-01T04:17:54.703Z"}
{"level":"info","message":"Servidor corriendo en puerto 3000","timestamp":"2025-11-01T04:19:03.593Z"}
{"level":"info","message":"Servidor corriendo en puerto 3000","timestamp":"2025-11-02T03:29:46.260Z"}
{"level":"info","message":"Servidor corriendo en puerto 3000","timestamp":"2025-11-02T03:41:38.113Z"}
{"level":"info","message":"Servidor corriendo en puerto 3000","timestamp":"2025-11-02T03:44:15.149Z"}
{"level":"info","message":"Servidor corriendo en puerto 3000","timestamp":"2025-11-02T03:44:31.725Z"}
{"level":"info","message":"Servidor corriendo en puerto 3000","timestamp":"2025-11-02T03:46:32.833Z"}
{"level":"info","message":"Servidor corriendo en puerto 3000","timestamp":"2025-11-02T03:59:01.014Z"}
{"level":"info","message":"Servidor corriendo en puerto 3000","timestamp":"2025-11-02T04:00:03.845Z"}
{"level":"info","message":"Servidor corriendo en puerto 3000","timestamp":"2025-11-02T04:05:48.329Z"}
{"level":"info","message":"Servidor corriendo en puerto 3000","timestamp":"2025-11-02T04:08:16.117Z"}
{"level":"info","message":"Servidor corriendo en puerto 3000","timestamp":"2025-11-02T04:19:19.809Z"}
{"level":"info","message":"Servidor corriendo en puerto 3000","timestamp":"2025-11-02T04:21:58.772Z"}
{"level":"info","message":"Servidor corriendo en puerto 3000","timestamp":"2025-11-02T04:55:02.062Z"}
{"level":"info","message":"Servidor corriendo en puerto 3000","timestamp":"2025-11-02T21:05:23.531Z"}
{"level":"info","message":"Servidor corriendo en puerto 3000","timestamp":"2025-11-02T21:38:16.740Z"}
{"level":"info","message":"Servidor corriendo en puerto 3000","timestamp":"2025-11-03T00:43:12.578Z"}
{"level":"info","message":"Servidor corriendo en puerto 3000","timestamp":"2025-11-03T00:58:10.942Z"}
{"level":"info","message":"Servidor corriendo en puerto 3000","timestamp":"2025-11-03T00:59:07.791Z"}
{"level":"info","message":"Servidor corriendo en puerto 3000","timestamp":"2025-11-03T01:03:22.819Z"}
{"code":"ER_BAD_FIELD_ERROR","errno":1054,"level":"error","message":"Error al rechazar documento: Unknown column 'estado' in 'field list'","sql":"\n                UPDATE documentos_aprendiz\n                SET estado = 'rechazado',\n                    retroalimentacion = 'Está mal hecho',\n                    fecha_revision = NOW(),\n                    revisado_por = 87\n                WHERE id = '13'\n            ","sqlMessage":"Unknown column 'estado' in 'field list'","sqlState":"42S22","stack":"Error: Unknown column 'estado' in 'field list'\n    at PromisePool.query (C:\\Users\\PICHOLO\\Desktop\\gestion_etapa_productiva\\node_modules\\mysql2\\promise.js:356:22)\n    at rechazarDocumento (C:\\Users\\PICHOLO\\Desktop\\gestion_etapa_productiva\\src\\modulos\\administrador\\controladores\\gestionAprendicesControlador.js:997:24)\n    at process.processTicksAndRejections (node:internal/process/task_queues:105:5)","timestamp":"2025-11-03T01:04:43.977Z"}
{"level":"info","message":"Servidor corriendo en puerto 3000","timestamp":"2025-11-03T01:23:19.354Z"}
{"level":"info","message":"Servidor corriendo en puerto 3000","timestamp":"2025-11-03T01:23:48.492Z"}
{"aprendiz":"JUAN CAMILO PAREJA","documento":"Propuesta de intervención","email":"camilo_pareja@hotmail.com","level":"info","message":"Email de rechazo pendiente de envío","timestamp":"2025-11-03T01:24:48.213Z"}
{"adminId":87,"aprendiz_id":175,"documentoId":"13","level":"info","message":"Documento rechazado","timestamp":"2025-11-03T01:24:48.215Z"}
{"adminId":87,"documentoId":"12","level":"info","message":"Documento aprobado","timestamp":"2025-11-03T01:25:38.935Z"}
{"level":"info","message":"Servidor corriendo en puerto 3000","timestamp":"2025-11-03T01:26:41.002Z"}
{"level":"info","message":"Servidor corriendo en puerto 3000","timestamp":"2025-11-03T01:30:26.830Z"}
{"aprendiz":"JUAN CAMILO PAREJA","documento":"Bitácora 1","email":"camilo_pareja@hotmail.com","level":"info","message":"Email de rechazo pendiente de envío","timestamp":"2025-11-03T01:32:19.788Z"}
{"adminId":87,"aprendiz_id":175,"documentoId":"11","level":"info","message":"Documento rechazado","timestamp":"2025-11-03T01:32:19.789Z"}
{"level":"info","message":"Servidor corriendo en puerto 3000","timestamp":"2025-11-03T01:34:27.682Z"}
{"level":"info","message":"Servidor corriendo en puerto 3000","timestamp":"2025-11-03T01:43:49.731Z"}
{"adminId":87,"aprendiz_id":175,"conRetroalimentacion":false,"documentoId":"12","level":"info","message":"Documento aprobado","timestamp":"2025-11-03T01:46:57.796Z"}
{"aprendiz":"JUAN CAMILO PAREJA","conRetroalimentacion":true,"documento":"Bitácora 1","email":"camilo_pareja@hotmail.com","level":"info","message":"Email de aprobación pendiente de envío","timestamp":"2025-11-03T01:48:10.883Z"}
{"adminId":87,"aprendiz_id":175,"conRetroalimentacion":true,"documentoId":"11","level":"info","message":"Documento aprobado","timestamp":"2025-11-03T01:48:10.884Z"}
{"aprendiz":"JUAN CAMILO PAREJA","documento":"Propuesta de intervención","email":"camilo_pareja@hotmail.com","level":"info","message":"Email de rechazo pendiente de envío","timestamp":"2025-11-03T01:49:17.928Z"}
{"adminId":87,"aprendiz_id":175,"documentoId":"13","level":"info","message":"Documento rechazado","timestamp":"2025-11-03T01:49:17.929Z"}
{"level":"info","message":"Servidor corriendo en puerto 3000","timestamp":"2025-11-03T01:52:09.266Z"}
{"level":"info","message":"Servidor corriendo en puerto 3000","timestamp":"2025-11-03T01:52:55.173Z"}
{"level":"info","message":"Servidor corriendo en puerto 3000","timestamp":"2025-11-03T01:53:18.832Z"}
{"level":"info","message":"Servidor corriendo en puerto 3000","timestamp":"2025-11-03T02:01:47.681Z"}
{"aprendiz":"JUAN CAMILO PAREJA","documento":"Propuesta de intervención","email":"camilo_pareja@hotmail.com","esRerechazo":true,"level":"info","message":"Email de rechazo pendiente de envío","timestamp":"2025-11-03T02:03:15.339Z"}
{"adminId":87,"aprendiz_id":175,"documentoId":"13","esRerechazo":true,"level":"info","message":"Documento rechazado","timestamp":"2025-11-03T02:03:15.341Z"}
{"aprendiz":"JUAN CAMILO PAREJA","conRetroalimentacion":true,"documento":"Bitácora 2","email":"camilo_pareja@hotmail.com","esReaprobacion":true,"level":"info","message":"Email de aprobación pendiente de envío","timestamp":"2025-11-03T02:08:49.634Z"}
{"adminId":87,"aprendiz_id":175,"conRetroalimentacion":true,"documentoId":"12","esReaprobacion":true,"level":"info","message":"Documento aprobado","timestamp":"2025-11-03T02:08:49.636Z"}
{"level":"info","message":"Servidor corriendo en puerto 3000","timestamp":"2025-11-03T03:12:42.147Z"}
{"aprendiz":"JUAN CAMILO PAREJA","conRetroalimentacion":true,"documento":"Carta de certificación","email":"camilo_pareja@hotmail.com","esReaprobacion":false,"level":"info","message":"Email de aprobación pendiente de envío","timestamp":"2025-11-03T03:35:04.491Z"}
{"adminId":87,"aprendiz_id":175,"conRetroalimentacion":true,"documentoId":"14","esReaprobacion":false,"level":"info","message":"Documento aprobado","timestamp":"2025-11-03T03:35:04.497Z"}
{"aprendiz":"JUAN CAMILO PAREJA","documento":"Carta de certificación","email":"camilo_pareja@hotmail.com","esRerechazo":false,"level":"info","message":"Email de rechazo pendiente de envío","timestamp":"2025-11-03T03:57:00.088Z"}
{"adminId":87,"aprendiz_id":175,"documentoId":"14","esRerechazo":false,"level":"info","message":"Documento rechazado","timestamp":"2025-11-03T03:57:00.090Z"}
{"aprendiz":"JUAN CAMILO PAREJA","conRetroalimentacion":true,"documento":"Carta de certificación","email":"camilo_pareja@hotmail.com","esReaprobacion":false,"level":"info","message":"Email de aprobación pendiente de envío","timestamp":"2025-11-03T04:04:05.701Z"}
{"adminId":87,"aprendiz_id":175,"conRetroalimentacion":true,"documentoId":"14","esReaprobacion":false,"level":"info","message":"Documento aprobado","timestamp":"2025-11-03T04:04:05.702Z"}
{"aprendiz":"JUAN CAMILO PAREJA","documento":"Carta de certificación","email":"camilo_pareja@hotmail.com","esRerechazo":false,"level":"info","message":"Email de rechazo pendiente de envío","timestamp":"2025-11-03T04:04:39.084Z"}
{"adminId":87,"aprendiz_id":175,"documentoId":"14","esRerechazo":false,"level":"info","message":"Documento rechazado","timestamp":"2025-11-03T04:04:39.086Z"}
{"aprendiz":"JUAN CAMILO PAREJA","documento":"Documento de identidad","email":"camilo_pareja@hotmail.com","esRerechazo":false,"level":"info","message":"Email de rechazo pendiente de envío","timestamp":"2025-11-03T04:07:07.438Z"}
{"adminId":87,"aprendiz_id":175,"documentoId":"15","esRerechazo":false,"level":"info","message":"Documento rechazado","timestamp":"2025-11-03T04:07:07.439Z"}
{"aprendiz":"JUAN CAMILO PAREJA","conRetroalimentacion":true,"documento":"Documento de identidad","email":"camilo_pareja@hotmail.com","esReaprobacion":false,"level":"info","message":"Email de aprobación pendiente de envío","timestamp":"2025-11-03T04:07:45.895Z"}
{"adminId":87,"aprendiz_id":175,"conRetroalimentacion":true,"documentoId":"15","esReaprobacion":false,"level":"info","message":"Documento aprobado","timestamp":"2025-11-03T04:07:45.896Z"}
{"level":"info","message":"Servidor corriendo en puerto 3000","timestamp":"2025-11-03T04:12:59.037Z"}
{"level":"info","message":"Servidor corriendo en puerto 3000","timestamp":"2025-11-03T04:13:13.673Z"}
{"level":"info","message":"Servidor corriendo en puerto 3000","timestamp":"2025-11-03T04:13:25.618Z"}
{"level":"info","message":"Servidor corriendo en puerto 3000","timestamp":"2025-11-03T04:13:39.377Z"}
{"level":"info","message":"Servidor corriendo en puerto 3000","timestamp":"2025-11-03T04:23:29.133Z"}
{"aprendiz":"JUAN CAMILO PAREJA","documento":"Informe final","email":"camilo_pareja@hotmail.com","esRerechazo":false,"level":"info","message":"Email de rechazo pendiente de envío","timestamp":"2025-11-03T04:25:22.864Z"}
{"adminId":87,"aprendiz_id":175,"documentoId":"16","esRerechazo":false,"level":"info","message":"Documento rechazado","timestamp":"2025-11-03T04:25:22.866Z"}
{"aprendiz":"JUAN CAMILO PAREJA","conRetroalimentacion":true,"documento":"Informe final","email":"camilo_pareja@hotmail.com","esReaprobacion":false,"level":"info","message":"Email de aprobación pendiente de envío","timestamp":"2025-11-03T04:26:18.305Z"}
{"adminId":87,"aprendiz_id":175,"conRetroalimentacion":true,"documentoId":"16","esReaprobacion":false,"level":"info","message":"Documento aprobado","timestamp":"2025-11-03T04:26:18.310Z"}
{"aprendiz":"JUAN CAMILO PAREJA","documento":"Bitácora 1","email":"camilo_pareja@hotmail.com","esRerechazo":false,"level":"info","message":"Email de rechazo pendiente de envío","timestamp":"2025-11-03T04:27:03.685Z"}
{"adminId":87,"aprendiz_id":175,"documentoId":"11","esRerechazo":false,"level":"info","message":"Documento rechazado","timestamp":"2025-11-03T04:27:03.687Z"}
{"aprendiz":"JUAN CAMILO PAREJA","conRetroalimentacion":true,"documento":"Bitácora 1","email":"camilo_pareja@hotmail.com","esReaprobacion":false,"level":"info","message":"Email de aprobación pendiente de envío","timestamp":"2025-11-03T04:27:59.929Z"}
{"adminId":87,"aprendiz_id":175,"conRetroalimentacion":true,"documentoId":"11","esReaprobacion":false,"level":"info","message":"Documento aprobado","timestamp":"2025-11-03T04:27:59.930Z"}
{"aprendiz":"JUAN CAMILO PAREJA","conRetroalimentacion":true,"documento":"Propuesta de intervención","email":"camilo_pareja@hotmail.com","esReaprobacion":false,"level":"info","message":"Email de aprobación pendiente de envío","timestamp":"2025-11-03T04:28:38.780Z"}
{"adminId":87,"aprendiz_id":175,"conRetroalimentacion":true,"documentoId":"13","esReaprobacion":false,"level":"info","message":"Documento aprobado","timestamp":"2025-11-03T04:28:38.782Z"}
{"aprendiz":"JUAN CAMILO PAREJA","documento":"Propuesta de intervención","email":"camilo_pareja@hotmail.com","esRerechazo":false,"level":"info","message":"Email de rechazo pendiente de envío","timestamp":"2025-11-03T04:29:09.406Z"}
{"adminId":87,"aprendiz_id":175,"documentoId":"13","esRerechazo":false,"level":"info","message":"Documento rechazado","timestamp":"2025-11-03T04:29:09.408Z"}
{"aprendiz":"JUAN CAMILO PAREJA","conRetroalimentacion":true,"documento":"Carta de certificación","email":"camilo_pareja@hotmail.com","esReaprobacion":false,"level":"info","message":"Email de aprobación pendiente de envío","timestamp":"2025-11-03T04:33:57.883Z"}
{"adminId":87,"aprendiz_id":175,"conRetroalimentacion":true,"documentoId":"14","esReaprobacion":false,"level":"info","message":"Documento aprobado","timestamp":"2025-11-03T04:33:57.885Z"}
{"aprendiz":"JUAN CAMILO PAREJA","conRetroalimentacion":true,"documento":"Propuesta de intervención","email":"camilo_pareja@hotmail.com","esReaprobacion":false,"level":"info","message":"Email de aprobación pendiente de envío","timestamp":"2025-11-03T04:46:25.002Z"}
{"adminId":87,"aprendiz_id":175,"conRetroalimentacion":true,"documentoId":"13","esReaprobacion":false,"level":"info","message":"Documento aprobado","timestamp":"2025-11-03T04:46:25.005Z"}
{"aprendiz":"JUAN CAMILO PAREJA","conRetroalimentacion":true,"documento":"Bitácora 12","email":"camilo_pareja@hotmail.com","esReaprobacion":false,"level":"info","message":"Email de aprobación pendiente de envío","timestamp":"2025-11-03T05:12:45.752Z"}
{"adminId":87,"aprendiz_id":175,"conRetroalimentacion":true,"documentoId":"17","esReaprobacion":false,"level":"info","message":"Documento aprobado","timestamp":"2025-11-03T05:12:45.753Z"}
{"level":"info","message":"Servidor corriendo en puerto 3000","timestamp":"2025-11-03T22:41:27.703Z"}
{"level":"info","message":"Servidor corriendo en puerto 3000","timestamp":"2025-11-03T23:18:53.115Z"}
{"level":"info","message":"Servidor corriendo en puerto 3000","timestamp":"2025-11-03T23:41:12.096Z"}
{"level":"info","message":"Servidor corriendo en puerto 3000","timestamp":"2025-11-03T23:41:28.216Z"}
{"level":"info","message":"Servidor corriendo en puerto 3000","timestamp":"2025-11-03T23:41:40.199Z"}
{"level":"info","message":"Servidor corriendo en puerto 3000","timestamp":"2025-11-03T23:46:17.455Z"}
{"level":"info","message":"Servidor corriendo en puerto 3000","timestamp":"2025-11-03T23:47:46.947Z"}
{"aprendiz":"JUAN CAMILO PAREJA","documento":"Bitácora 1","email":"camilo_pareja@hotmail.com","esRerechazo":false,"level":"info","message":"Email de rechazo pendiente de envío","timestamp":"2025-11-03T23:58:42.109Z"}
{"adminId":87,"aprendiz_id":175,"documentoId":"18","esRerechazo":false,"level":"info","message":"Documento rechazado","timestamp":"2025-11-03T23:58:42.112Z"}
{"aprendiz":"JUAN CAMILO PAREJA","conRetroalimentacion":true,"documento":"Bitácora 1","email":"camilo_pareja@hotmail.com","esReaprobacion":false,"level":"info","message":"Email de aprobación pendiente de envío","timestamp":"2025-11-03T23:59:34.497Z"}
{"adminId":87,"aprendiz_id":175,"conRetroalimentacion":true,"documentoId":"18","esReaprobacion":false,"level":"info","message":"Documento aprobado","timestamp":"2025-11-03T23:59:34.499Z"}
{"level":"info","message":"Servidor corriendo en puerto 3000","timestamp":"2025-11-04T00:00:40.466Z"}
{"adminId":87,"aprendiz_id":175,"conRetroalimentacion":false,"documentoId":"18","esReaprobacion":true,"level":"info","message":"Documento aprobado","timestamp":"2025-11-04T00:03:30.118Z"}
{"aprendiz":"JUAN CAMILO PAREJA","documento":"Bitácora 1","email":"camilo_pareja@hotmail.com","esRerechazo":false,"level":"info","message":"Email de rechazo pendiente de envío","timestamp":"2025-11-04T00:03:53.953Z"}
{"adminId":87,"aprendiz_id":175,"documentoId":"18","esRerechazo":false,"level":"info","message":"Documento rechazado","timestamp":"2025-11-04T00:03:53.954Z"}
{"adminId":87,"aprendiz_id":175,"conRetroalimentacion":false,"documentoId":"18","esReaprobacion":false,"level":"info","message":"Documento aprobado","timestamp":"2025-11-04T00:09:09.562Z"}
{"adminId":87,"aprendiz_id":175,"conRetroalimentacion":false,"documentoId":"18","esReaprobacion":true,"level":"info","message":"Documento aprobado","timestamp":"2025-11-04T00:10:27.294Z"}
{"aprendiz":"JUAN CAMILO PAREJA","documento":"Bitácora 1","email":"camilo_pareja@hotmail.com","esRerechazo":false,"level":"info","message":"Email de rechazo pendiente de envío","timestamp":"2025-11-04T00:11:00.320Z"}
{"adminId":87,"aprendiz_id":175,"documentoId":"18","esRerechazo":false,"level":"info","message":"Documento rechazado","timestamp":"2025-11-04T00:11:00.322Z"}
{"adminId":87,"aprendiz_id":175,"conRetroalimentacion":false,"documentoId":"18","esReaprobacion":false,"level":"info","message":"Documento aprobado","timestamp":"2025-11-04T00:11:36.489Z"}
{"adminId":87,"aprendiz_id":175,"conRetroalimentacion":false,"documentoId":"18","esReaprobacion":true,"level":"info","message":"Documento aprobado","timestamp":"2025-11-04T00:11:59.419Z"}
{"level":"info","message":"Servidor corriendo en puerto 3000","timestamp":"2025-11-04T00:20:06.652Z"}
{"level":"info","message":"Servidor corriendo en puerto 3000","timestamp":"2025-11-04T00:20:15.001Z"}
{"level":"info","message":"Servidor corriendo en puerto 3000","timestamp":"2025-11-04T00:20:50.473Z"}
{"level":"info","message":"Servidor corriendo en puerto 3000","timestamp":"2025-11-04T00:21:18.772Z"}
{"level":"info","message":"Servidor corriendo en puerto 3000","timestamp":"2025-11-04T00:22:58.696Z"}
{"level":"info","message":"Transportador de correo inicializado correctamente","timestamp":"2025-11-04T00:27:59.529Z"}
{"asunto":"❌ Documento rechazado: Bitácora 1","level":"info","message":"Correo enviado exitosamente","messageId":"<6fc7400c-d7f4-3938-7b7c-1985ee73b562@gmail.com>","para":"camilo_pareja@hotmail.com","timestamp":"2025-11-04T00:28:02.497Z"}
{"aprendiz":"JUAN CAMILO PAREJA SÁNCHEZ","documento":"Bitácora 1","email":"camilo_pareja@hotmail.com","level":"info","message":"Email de rechazo enviado exitosamente","messageId":"<6fc7400c-d7f4-3938-7b7c-1985ee73b562@gmail.com>","timestamp":"2025-11-04T00:28:02.498Z"}
{"adminId":87,"aprendiz_id":175,"documentoId":"18","emailEnviado":true,"esRerechazo":false,"level":"info","message":"Documento rechazado","timestamp":"2025-11-04T00:28:02.499Z"}
{"asunto":"✅ Documento aprobado: Bitácora 1","level":"info","message":"Correo enviado exitosamente","messageId":"<26350a53-6ca3-9e43-f90b-060c5c14757c@gmail.com>","para":"camilo_pareja@hotmail.com","timestamp":"2025-11-04T00:30:17.479Z"}
{"aprendiz":"JUAN CAMILO PAREJA SÁNCHEZ","documento":"Bitácora 1","email":"camilo_pareja@hotmail.com","level":"info","message":"Email de aprobación enviado exitosamente","messageId":"<26350a53-6ca3-9e43-f90b-060c5c14757c@gmail.com>","timestamp":"2025-11-04T00:30:17.480Z"}
{"adminId":87,"aprendiz_id":175,"conRetroalimentacion":true,"documentoId":"18","emailEnviado":true,"esReaprobacion":false,"level":"info","message":"Documento aprobado","timestamp":"2025-11-04T00:30:17.480Z"}
{"level":"info","message":"Servidor corriendo en puerto 3000","timestamp":"2025-11-04T00:32:16.553Z"}
{"level":"info","message":"Servidor corriendo en puerto 3000","timestamp":"2025-11-04T00:34:13.134Z"}
{"adminId":87,"aprendiz_id":175,"documentoId":"18","emailEnviado":false,"esRerechazo":false,"level":"info","message":"Documento rechazado","timestamp":"2025-11-04T00:36:24.625Z"}
{"adminId":87,"aprendiz_id":175,"conRetroalimentacion":true,"documentoId":"18","emailEnviado":false,"esReaprobacion":false,"level":"info","message":"Documento aprobado","timestamp":"2025-11-04T00:36:37.956Z"}
{"level":"info","message":"Servidor corriendo en puerto 3000","timestamp":"2025-11-04T00:39:16.371Z"}
{"level":"info","message":"Servidor corriendo en puerto 3000","timestamp":"2025-11-04T00:39:21.657Z"}
{"level":"info","message":"Servidor corriendo en puerto 3000","timestamp":"2025-11-04T00:39:29.583Z"}
{"level":"info","message":"Servidor corriendo en puerto 3000","timestamp":"2025-11-04T00:39:36.968Z"}
{"level":"info","message":"Servidor corriendo en puerto 3000","timestamp":"2025-11-04T00:41:03.509Z"}
{"level":"info","message":"Transportador de correo inicializado correctamente","timestamp":"2025-11-04T00:41:09.835Z"}
{"asunto":"❌ Documento rechazado: Bitácora 1","level":"info","message":"Correo enviado exitosamente","messageId":"<cda2652d-357e-de9c-79f8-0cf43870ced2@gmail.com>","para":"camilo_pareja@hotmail.com","timestamp":"2025-11-04T00:41:13.533Z"}
{"aprendiz":"JUAN CAMILO PAREJA SÁNCHEZ","documento":"Bitácora 1","email":"camilo_pareja@hotmail.com","level":"info","message":"Email de rechazo enviado exitosamente","messageId":"<cda2652d-357e-de9c-79f8-0cf43870ced2@gmail.com>","timestamp":"2025-11-04T00:41:13.534Z"}
{"adminId":87,"aprendiz_id":175,"documentoId":"18","emailEnviado":true,"esRerechazo":false,"level":"info","message":"Documento rechazado","timestamp":"2025-11-04T00:41:13.535Z"}
{"asunto":"✅ Documento aprobado: Bitácora 1","level":"info","message":"Correo enviado exitosamente","messageId":"<171eed0a-c293-dd80-9dee-35925c64361c@gmail.com>","para":"camilo_pareja@hotmail.com","timestamp":"2025-11-04T00:41:26.132Z"}
{"aprendiz":"JUAN CAMILO PAREJA SÁNCHEZ","documento":"Bitácora 1","email":"camilo_pareja@hotmail.com","level":"info","message":"Email de aprobación enviado exitosamente","messageId":"<171eed0a-c293-dd80-9dee-35925c64361c@gmail.com>","timestamp":"2025-11-04T00:41:26.133Z"}
{"adminId":87,"aprendiz_id":175,"conRetroalimentacion":true,"documentoId":"18","emailEnviado":true,"esReaprobacion":false,"level":"info","message":"Documento aprobado","timestamp":"2025-11-04T00:41:26.135Z"}
{"level":"info","message":"Servidor corriendo en puerto 3000","timestamp":"2025-11-04T03:08:24.016Z"}
{"level":"info","message":"Servidor corriendo en puerto 3000","timestamp":"2025-11-04T03:12:20.926Z"}
{"level":"info","message":"Servidor corriendo en puerto 3000","timestamp":"2025-11-04T03:47:58.409Z"}
